timestamp,session_id,tg_id,week,group_id,cubes_reactive,cubes_proactive,cubes_operational,cubes_pool,satisfaction,representative,work_life,pss_1,pss_2,pss_3,pss_4,takeaway,comment,time_total,device_type,Фактор дистресса,Фактор совладания,Воспринимаемый стресс
2026-07-05 09:02:01,5501a13245b9a5b2133ed7b01a73fd31,artsm92,0,🔥%20Огоньки%20(ДС%202026q3),4,2,0,0,4,-1,1,3,3,1,3,"- одна задача в один момент времени, отключать уведомления в чатах где постоянно тегают
- формулировка целей важна и размышления на тему где я сейчас",,196,mobile,6,4,10
2026-07-05 10:00:31,b6d79df46cbaae1c89fa5ccc891b2b75,unfreeshooter,0,🔥 Огоньки (ДС 2026q3),3,1,2,0,6,-2,0,1,3,2,1,"если делать и потом аналитить - почти все срабатывает на мне из практик.
а если аналитить, а потом делать - делать будет нечего: все воспринимается лишь В ТЕОРИИ","не очень показателен п2 ""Насколько прошедшая неделя была похожа на ваш обычный режим работы?*"" для меня: я из Севастополя, у нас внезапные отключения ЭЭ, что сильно влияет на формат работы.
ну и пункты дальше тоже в разрезе проблем локальных с бензом и эл-вом/водой (пока только с ними)- все по фактам",736,desktop,2,5,5
2026-07-05 10:06:38,1dd388c2279277f99a769060a5ed92df,chernykh_irina,0,💥%20Искорки%20(ДС%202026q3),0,2,4,0,6,1,1,0,4,4,1,"Немножко почитала задачки и цели ребят на доске практики и поняла, что у меня в принципе нет опасений в жизни. Мои задачки все или рутинные или те, которые ведут меня к целям. По отдыху тоже интуитивно распределяю всякие классные активности, единственное в течение дня работаю и совсем не отдыхаю. Уже нашла пилатес-стулию рядом с работой, вот вернусь с командировки мечты и начну ходить по средам в обед на пилатес. И хочу потихоньку внедрять помидорки с отдыхом между ними и ретроспективу с командой по рабочим задачкам .","Есть ощущение некоторой сумбурности в части просматриваемых видео. Понятно, что у вас уже накоплен багаж и одно и то же переснимать не сильно эффективно. Но например, ответы на вопросы с какой-то практики: Максим говорит про улитки так, что я уже должна быть сильно в теме, а мы ж ещё нигде не обсуждали их ☹️ На самой практике я не поняла почему до докопались с моей задачей «запросить документы для учебы», которую я привязала к цели «я настроила бизнес-процессы». Это же первый шажок к тому, чтобы научиться настраивать грамотно бизнес-процессы. Есть тут некоторое недопонимание, что за цель тогда должна быть, какой масштаб? Понимаю, что сложно выслушать все тройки, но ребята же могут просто не так понять и уйти в демагогию при обсуждении чьей-то цели. Кажется, что стоит делать акцент на длине чтобычтотора и вообще на то, что надо именно через «чтобы что» связывать задачу с целью. И рандомно выбирать хотя бы три таких связки для разбора под присмотром Максима не по комнатам, а при всё честнОм народе 🤗",1074,mobile,1,8,1
2026-07-05 10:08:12,4a30073f1ead1ba55d61a0be343d0577,Garikos8,0,🔥 Огоньки (ДС 2026q3),3,2,1,0,6,1,1,1,3,3,1,"Мало составить план, надо уметь и двигаться по нему.",,194,mobile,2,6,4
2026-07-05 10:23:05,a28815f6be6b96080aaa10769c623798,i1024i,0,🌟%20Звёздочки%20(ДС%202026q3),2,3,1,0,5,1,2,2,3,2,2,"Нужно планировать отдых, заранее определиться, как я буду отдыхать и использовать свободное время",,116,mobile,4,5,7
2026-07-05 10:26:52,4a5c4304337932162d21dade1831f645,tnikotyan,0,💥 Искорки (ДС 2026q3),4,1,1,0,4,-1,1,3,2,2,3,,,118,mobile,6,4,10
2026-07-05 10:27:31,3de1e7bf0e4c2263132190427bb172e7,nvkoy,0,🌟 Звёздочки (ДС 2026q3),1,4,1,0,5,1,1,1,3,3,1,"""Чтобы что"" сильно помогает избавиться от лишнего и расставить реальные приоритеты",Вы лучшие! Спасибо! :),185,desktop,2,6,4
2026-07-05 11:03:10,4ba89f712442ebd55f3f6b203be24be0,dimisi,0,💥 Искорки (ДС 2026q3),1,1,2,2,7,2,-2,3,3,3,4,Отдыхать - крута!,,133,desktop,7,6,9
2026-07-05 11:25:55,98c4160f00a06c6698f9b03478083c04,oakimov,0,🌟 Звёздочки (ДС 2026q3),2,0,4,0,3,1,1,2,3,3,1,Отдых - неотъемлемая часть грамотного труда,,127,mobile,3,6,5
2026-07-05 11:33:42,4bf2f7e9a7089a54f51634223dde8ef9,DarkJewel,0,🌟 Звёздочки (ДС 2026q3),1,1,2,2,6,1,-2,4,1,2,4,Читать художественные книги - мой вариант отдыха.,"Тяжёлая неделя, сделал очень мало. Ресурс в основном потрачен на поддержание жизни в тушке и на дохрена тревожных мыслей. НО! меня на этой неделе нашла работа, в понедельник выхожу на первую смену.",273,mobile,8,3,13
2026-07-05 12:58:09,a013009f551579acc6d31ae0fd2ffb29,fyodor5,0,💥 Искорки (ДС 2026q3),1,0,1,4,2,-1,0,2,3,2,0,"Мне необходимо внедрять рутины для фокуса на важных задачах для их выполнения, иначе я просто не сажусь их выполнять и разбираться.",,150,desktop,2,5,5
2026-07-05 13:09:05,950e34770b251536f8703a5140c506a3,n_Set,0,💥 Искорки (ДС 2026q3),0,0,0,6,4,1,1,4,3,4,3,"что давно забыл что мне именно интересно , так как часто перегружал себя работой, и когда приходит пора др я оч долго думаю чего бы я хотел, чаще говорю у меня все есть давайте деньгами",,118,desktop,7,7,8
2026-07-05 13:18:14,7bbad278ff70c5aa5f60086de71d2323,anna_metel87,0,🔥 Огоньки (ДС 2026q3),1,2,3,0,6,3,0,2,3,3,0,"Из практики ""чтобычтотор"" - пожалуй, сам факт сформулированных целей.
Из книги ""Путь джедая"" - что работать над зеленой задачей надо 1м делом за день и в любом состоянии и обстоятельствах, если хочешь прогресс.","Вопрос: если задача понятна ""обезьяне"", но я все равно не хочу ее делать и поэтому откладываю - как мне решить эту проблему?
По-хорошему, да, надо делегировать, это просто ""не моя"" задача, она не приближает меня ни к чему. Но я не могу ее спихнуть, это часть моих рабочих обязанностей, она недостаточна для найма целого человека (опять же NDA, чувствительные данные) и ее невозможно автоматизировать (там все что можно автоматизировано, мне финально просмотреть и каждый раз через боль🤪😁).",1611,mobile,2,6,4
2026-07-05 14:41:58,de27f4ae585a5b80d653f2d00f5d3feb,victor_goriunov,0,🌟 Звёздочки (ДС 2026q3),2,3,1,0,6,2,2,1,3,3,2,"Via negativa. Не столько добавлять упражнения для отдыха, сколько НЕ делать лишнего. 
Есть предощущение, что текущий курс может сработать.",,345,desktop,3,6,5
2026-07-05 14:54:52,85727bd551d9a4576689d6beae69dee6,PalaVistas,0,💥%20Искорки%20(ДС%202026q3),2,1,1,2,2,-1,0,3,2,1,3,,,180,mobile,6,3,11
2026-07-05 15:07:45,9ec07e9263d0206f098f5f4af3bf16f0,PolyakovaAR,0,🌟 Звёздочки (ДС 2026q3),0,0,0,6,4,0,0,1,3,2,2,мне очень тяжело заставлять себя читать правила всех этих опросников тетрадей и прочего я не вижу в них ценности,,125,desktop,3,5,6
2026-07-05 15:10:30,c493b0688a2309f5eb2a18ee2a9b24be,kiralary,0,☀️%20Лучики%20(ДС%202026q3),2,1,2,1,6,2,1,1,3,3,1,Можно отдыхать каждый день! Даже пять минут отдыха уже что-то значат.,Спасибо за рекомендацию Анны Обуховой. Теперь слушаю её в свободное время,9401,mobile,2,6,4
2026-07-05 15:17:33,ac10cbb802efa6b77ccf890acaa30db2,basilmiron,0,☀️ Лучики (ДС 2026q3),2,3,1,0,5,1,-2,3,2,0,1,Хочешь чему-то научиться -- попробуй научить этому других.,Хотелось бы большей вовлечённости участников -- пока что чат нашей группы в телеге потихоньку зарастает тиной и покрывается ряской 🥲,192,desktop,4,2,10
2026-07-05 15:24:06,4b2d6b105edba5b16e2937cd6c02300a,LESNYAKSERGEY,0,☀️ Лучики (ДС 2026q3),3,0,1,2,2,0,2,2,2,1,3,,,164,desktop,5,3,10
2026-07-05 16:10:08,845c8863cec29d0b32eae38855a8d42c,Olegkim0,0,☀️ Лучики (ДС 2026q3),3,3,0,0,5,2,3,3,2,3,1,,,81,mobile,4,5,7
2026-07-05 16:35:19,4cb2ef87d139c0e0271a8281c30790cd,shaklein_e,0,🔥%20Огоньки%20(ДС%202026q3),1,3,2,0,5,1,0,1,4,3,0,Что живу содержательную и интересную жизнь,,150,mobile,1,7,2
2026-07-05 16:54:22,9ef2e0fec483bfa493bd00e2ce84f744,petrovgenq,0,чат,3,0,3,0,1,-3,3,3,3,2,2,Отдых это важно,"Спасибо за то, что вы делаете",302,desktop,5,5,8
2026-07-05 17:09:59,d81a06a6395aec67d6cf869068999809,elpaev,0,☀️ Лучики (ДС 2026q3),2,1,3,0,5,0,-2,2,2,3,1,,,145,mobile,3,5,6
2026-07-05 20:57:32,3b2198a73517fc391fa71e547fb26be1,dhbdt,0,🌟 Звёздочки (ДС 2026q3),3,1,1,1,5,-1,1,1,3,3,1,"Даже если прямо сейчас я не могу воспользоваться всеми накопленными знаниями/навыками, это не делает их бесполезными
И это повод сфокусироваться не на приобретении новых, а на распаковывании этого багажа силы",,527,mobile,2,6,4
2026-07-05 21:41:22,3635adc097205b514c8c7bd033e85d97,grigory_sam,0,☀️ Лучики (ДС 2026q3),2,2,1,1,6,-2,2,2,2,2,2,"Короткая версия - 

Парадоксально, что на неделе посвященной Отдыху я херачил как не в себя. Но постоянно держал в голове мысль о важности отдыха. Да и почувствовать эту важность получилось, когда энергию приходилось выскребать с самого дна.
Для отдыха как будто бы не оставалось времени (там очень страшная красная задача, точнее проект). 

Так вот, удалось столкнуть жесткое пренебреждение отдыхом и осознание абсолютной необходимости в нём.

И я нашел один из потерянных ключей к своей продуктивности - чрезвычайно важны понятные и конкретные мои собственные цели.

Я теряю время в течение рабочего дня, потому что не могу сконцентрироваться и сделать даже что-то обезьянопонятное. 

Но как только у меня в трекере появилась связь задач с целями - это был настоящий буст. 

Инсайт сугубо личный.
Есть немало людей, которые хорошо формулируют и представляют свои цели.

Иметь кристально ясную, мою собственную, личную цель (которая ничем не оправдана, типа работы) - очень помогает быть эффективнее, даже когда энергии почти нет.","Искренняя благодарность.
Отдельно приятно, что у курса так хорошо развилась коммьюнити-составляющая, это здорово.",1370,desktop,4,4,8
2026-07-05 22:57:28,e30b3be204d2fa9d7cc26eec59e7108d,Katrinacarrotss,0,💥 Искорки (ДС 2026q3),2,1,3,0,5,-1,1,4,2,1,4,"Мне нужно включить в свою жизнь отдых. ежедневный, еженедельный, ежемесячный, ежегодный. Я на правильном пути","Здорово, что есть такой проект и он помогает людям улучшать жизнь",210,desktop,8,3,13
2026-07-06 08:03:30,172a6a56331da047b00273e32207d689,sp190819,0,чат,2,1,1,2,5,1,0,3,3,1,3,"1. То, что в списке моих текущих задач практически нет задач, которые напрямую бы вели меня к моим целям, 
2. То, что отдых можно и нужно планировать и организовывать как сам отдых, так и время для него...","Вижу большую ценность в практике, вовлечен скорее на минималках, то есть делаю необходимое почти в срок, меня это устраивает...",331,desktop,6,4,10
2026-07-06 08:31:09,eb27c285c0911029f321c56039b04f93,mitgych,0,💥 Искорки (ДС 2026q3),2,2,2,0,4,0,2,3,2,1,3,джедайский старт - мой шанс выбраться из рутины.,,48724,desktop,6,3,11
2026-07-06 09:20:07,5dde0de6f7bf2f7bd95fdcf716c9debe,tigrenok_katiel,0,☀️ Лучики (ДС 2026q3),2,1,2,1,6,3,1,2,3,3,2,,,88,desktop,4,6,6
2026-07-06 10:45:03,96ec63d4dab19babc9358e877514b445,chillimpostor,0,☀️ Лучики (ДС 2026q3),2,1,2,1,5,0,2,3,2,2,3,"Главные идеи/выводы по теме недели.
- Важно благополучие, работа и дела не цель, а средство.
- Самоорганизация и планирование, системы и техники, нужны чтобы жить лучше, а не делать больше. 
- Отдых и досуг не награда, а забота о себе. Без них нет сил и желания, только истощение, выгорание и саботаж.",,219,mobile,6,4,10
2026-07-06 11:49:39,995b4fba758836832c8b3c807d0dd941,dmtszv,0,☀️ Лучики (ДС 2026q3),1,1,2,2,5,0,0,1,3,3,1,Мне необходимо чётко разделять отдых и работу и не жертвовать первым в пользу второго.,Вы мне нравитесь ;),360,mobile,2,6,4
2026-07-06 16:27:27,76818b0bb39c8fde93db3fe7c435c371,baikova_f,0,чат,1,1,1,3,5,1,-3,3,3,1,2,Я не умею отдыхать. Срочно учиться отдыхать! Искать радости для ежедневного и еженедельного отдыха.,🫶,596,desktop,5,4,9
2026-07-06 21:55:34,07aa1418f1cf5886048222d19aed58a8,Ninanikolavna,0,🌟 Звёздочки (ДС 2026q3),2,2,2,0,6,2,1,3,1,1,2,"Что отдых в шкале важности должен быть наравне с работой. А не на последнем месте, как у меня.","Спасибо, мне у вас нравится:)",438,mobile,5,2,11
2026-07-06 23:08:02,39de27188ff28233cab652101f1324b2,oNZ7xpXJfrkasyb2enBr,0,🌟 Звёздочки (ДС 2026q3),0,0,2,4,4,1,-3,0,3,3,1,"Укрепился в мысли, что без качественного целеполагания эффективно тратить мыслетопливо не получится. А для целей нужно сформулировать идентичность. В свою очередь для определения идентичности, чтобы хватило сил, сначала нужно научиться отдыхать (на этой формулировке обезьяну хватил Кондратий).",,656,desktop,1,6,3
2026-07-07 07:39:15,b5d32088b1e337361fdc777e91d56681,smart_roger,0,🔥 Огоньки (ДС 2026q3),2,1,3,0,4,1,-1,2,3,2,3,,,46,mobile,5,5,8
2026-07-07 07:59:46,93d360291e11d9552e18d5338e87b754,zhilabylamasha,0,💥%20Искорки%20(ДС%202026q3),1,2,1,2,5,1,1,1,3,4,1,"Если есть время, нужно в него «попадать», иначе потом вернуться к задаче будет сложно.",,98,mobile,2,7,3
2026-07-07 11:02:25,1abd48cde723ee4585125f117925cfa7,TaM_tAm_666,0,☀️ Лучики (ДС 2026q3),0,1,4,1,5,1,-3,1,3,2,1,Нужно регулярно ходить в отпуска. Кайфовый отпуск - залог хорошего настроения.,,410,desktop,2,5,5
2026-07-07 11:34:32,e09a43a51e3b97f4d10cd33ed5c51f75,OlegLyukshin,0,☀️%20Лучики%20(ДС%202026q3),3,1,2,0,3,0,-1,2,1,2,2,,,70,mobile,4,3,9
2026-07-07 12:21:59,456b8de36dc43a6c82a07736d53d3379,komalexei,0,💥 Искорки (ДС 2026q3),3,1,2,0,5,1,0,3,3,2,2,Важно находить время для отдыха который тебя порадует или просто отключиться от информационного шума и прогуляться 10-15 минут наедине с самим собой.,,474,mobile,5,5,8
2026-07-07 13:15:11,ca4e5e94257151975f77944f3c317d54,vkomiko,0,💥%20Искорки%20(ДС%202026q3),2,2,2,0,4,1,1,3,3,1,4,"Нам нужен не отдых, а пополнение батарейки. Батарейка может быть пополнена различными активностями, которые тебя драйвят",,166,mobile,7,4,11
2026-07-07 22:26:15,f12da707928e9219547f12ad4873ba06,M_Gaidamaka,0,🔥%20Огоньки%20(ДС%202026q3),1,3,2,0,6,1,-1,2,4,3,1,,,129,desktop,3,7,4
2026-07-08 04:11:37,2a55a70f24ab521478717d06e85910a0,kotofos,0,☀️ Лучики (ДС 2026q3),1,1,3,1,3,-1,-2,2,3,2,3,Надо отдых системный наладить,,257,desktop,5,5,8
2026-07-08 11:17:22,b1c114aeeb7698f2cedb9d1f3d0e6426,semarglll,0,чат,5,1,0,0,5,-1,2,3,1,1,3,,,72406,desktop,6,2,12
2026-07-08 16:02:10,df389724d3ed7d5fe7740d6a4b6ea869,maximgalson,0,🔥%20Огоньки%20(ДС%202026q3),0,0,6,0,6,0,-3,3,2,2,1,,,74,desktop,4,4,8
2026-07-08 16:07:58,0f2a70caa95c141428b842dadf0d42ac,GriDV,0,💥 Искорки (ДС 2026q3),1,2,2,1,6,1,-2,3,2,2,1,,,113,desktop,4,4,8
2026-07-08 16:16:29,8f0e737962cf14494102fe8b5b39e394,a_a_koles,0,💥%20Искорки%20(ДС%202026q3),1,1,0,4,1,-2,0,4,1,1,3,,,177,desktop,7,2,13
2026-07-08 16:27:59,907dc9bcbe5375dc7729e268267cf6e8,katerrna,0,12НГ 2026q3,1,3,2,0,5,1,0,3,3,2,1,,,70,mobile,4,5,7
2026-07-08 16:33:18,af8def6b37b3addde751b09ae3251fc8,sersch_serg,0,12НГ 2026q3,3,1,2,0,5,0,-1,3,3,3,1,,,79,mobile,4,6,6
2026-07-08 16:35:30,91da97b37c23df3ed0caacafa924db34,moronizzz,0,12НГ 2026q3,5,1,0,0,1,0,3,0,3,0,0,,,45,desktop,0,3,5
2026-07-08 16:36:37,dd32ff21b543384e43b7c70e5668afd7,ekandria_nova,0,12НГ%202026q3,0,1,5,0,5,-2,-2,2,3,3,2,,,78,mobile,4,6,6
2026-07-08 16:44:29,3486a175ddce3b22c918448f03119057,tem_ar,0,12НГ 2026q3,1,0,5,0,7,3,0,2,2,2,2,,,36,mobile,4,4,8
2026-07-08 16:55:21,29db108878d08e1af918b7431265ee1e,Vibris,0,12НГ 2026q3,2,2,2,0,3,-2,0,1,4,1,0,"Страт сессия забрала очень много сил, после этого мог делать только совсем простые дела и гулять. Хотя сознательно не казалось, что мы что-то такое делали.",,1032,mobile,1,5,4
2026-07-08 16:55:43,8a64118bdf9f0aaec6a5ee9ca450489b,dmtrx7alien,0,12НГ 2026q3,0,3,3,0,6,0,-2,1,4,3,0,"В сложные моменты жизни, сосредоточенность на выполнение повседневных дел помогает мне  уравновешивать психическое состоянии (на основе ежедневного мониторинга)",,294,mobile,1,7,2
2026-07-08 16:58:30,cc56609dd18b7e32d7e07daac57d01f7,lyuda_polshikova,0,12НГ%202026q3,1,2,3,0,5,-1,0,1,3,3,1,"Что надо брать достаточно много всяких и разных  проектов, чтобы было потом что «убить».",,158,mobile,2,6,4
2026-07-08 17:22:48,00cd3997352ef95032ff68ad8914c528,pavlbon,0,12НГ%202026q3,6,0,0,0,1,0,3,4,0,1,3,,,57,mobile,7,1,14
2026-07-08 17:33:19,c96511e8423a119c502bcaca23880c63,msartaev,0,12НГ%202026q3,2,3,1,0,6,1,0,3,3,2,2,То что ты умеешь это хрень по важности) как и результаты) а то как ты продаешь это важнее всего остального,,121,mobile,5,5,8
2026-07-08 17:38:42,0deaf94b0052d254767faae2f6e40deb,ChasM2,0,12НГ 2026q3,0,3,3,0,6,2,0,1,4,3,0,Сеть больше отдохни ),,107,mobile,1,7,2
2026-07-08 17:49:31,3a51e900aad52a1ed1be08ceeefc1428,graywrk,0,12НГ%202026q3,2,2,2,0,7,2,0,1,3,3,0,,,4508,desktop,1,6,3
2026-07-08 18:07:27,3c2825760120919ff1ed8e359710ef8d,MishinaAlena,0,чат,3,2,1,0,6,2,2,2,3,2,1,"1 минута планки бодрит. Если не заряжать телефон с вечера, то его приходится заряжать утром (а не залипать в него). Я пока не могу справится с перекосом в работу и выжитым лимоном в конце рабочего дня. У меня не бывает проблем со сном, потому что я просто вырубаюсь.",,356,desktop,3,5,6
2026-07-08 18:14:31,ea1143d7a1b09867efc8da7edce1494e,Margarita_Zok,0,12НГ%202026q3,2,2,2,0,2,-2,2,2,2,2,3,"Лечись! Лечись!
Пока не восстановишь тушку - будешь чучелом!","Боюсь, что мои крайне херовые результаты из-за болезни длинной вам поломают метрику",120,mobile,5,4,9
2026-07-08 18:51:07,eceea811f745cc72f890dbf3a7df18f0,yana_selezneva_coach,0,12НГ%202026q3,1,2,3,0,6,1,0,2,3,3,2,-,Слишком много вопросов в опросниках,80,mobile,4,6,6
2026-07-08 19:36:41,9b1370f288868e2424c9b0945ef973d6,barvarbar,0,12НГ 2026q3,0,5,1,0,6,-2,0,1,4,1,0,Отдых -- великое дело,Опросы заняли вместе совсем не 5 минут 😡,271,desktop,1,5,4
2026-07-08 20:20:03,e215541aeeb0c244d191e36b7d7b9ffe,imagicdeer,0,☀️%20Лучики%20(ДС%202026q3),2,2,2,0,5,1,-2,1,4,3,1,У меня в окружении есть тёплые важные друзья. Я досточно хорош чтобы двигаться к успеху и быть полезным. Я в целом достачно крут и моя отправная точка достаточно крепкая.,Я сдал отчёт не вовремя😢я вылетел из обучения в отдых и не чекал чатики. Не знал что будет отчёт и это важно. Как увидел сразу заполнил.,419,mobile,2,7,3
2026-07-08 21:46:30,6afb080b69ecbb052834b24f9fc809e7,vasilev_dm,0,12НГ 2026q3,3,0,3,0,2,-2,0,2,3,2,3,"Научился радоваться простым вещам: поспал, поел, сходил на тренировку - значит все неплохо, несмотря на продолбыши по проектам",,108,mobile,5,5,8
2026-07-08 22:38:21,a8fb2068a5197331612829494ebef43e,tutankhamonych,0,12НГ 2026q3,3,1,2,0,5,-1,0,1,3,2,2,"Впихиваем не только в день, но и в жизнь. А оно не впихивается.","Опять кубики. Без автоматизации в планировщике - малополезное тыкание. Вопросы же из серии ""Давно ли Вы бросили пить коньяк по утрам""",292,desktop,3,5,6
2026-07-09 00:43:13,43ddf1704048220f901e7270b14463b8,mikulaYkt,0,🔥 Огоньки (ДС 2026q3),0,0,3,3,3,0,2,1,3,3,1,,,64,desktop,2,6,4
2026-07-09 06:06:00,c09b313158d7c99459cf8921bbee3ba9,nabiev80,0,12НГ 2026q3,1,4,1,0,6,0,-1,2,3,4,0,Сила вопроса чтобы что !,,846,mobile,2,7,3
2026-07-09 07:36:32,610d12368c2476aa1df5752be4244644,nkatsurina,0,12НГ 2026q3,1,1,4,0,5,0,0,1,3,3,2,,,227,mobile,3,6,5
2026-07-09 09:10:02,79832b28fea8022ff7de4ba54b0c289a,stargriv,0,12НГ%202026q3,0,2,4,0,2,-2,-3,2,1,1,4,,,59,mobile,6,2,12
2026-07-09 09:21:42,86af4e3349b529826471ce8b722ff946,tael_taeglin,0,12НГ%202026q3,1,2,3,0,5,-1,2,3,2,1,3,Нужно нанимать ещё одного менеджера,,188,mobile,6,3,11
2026-07-09 09:29:08,6420a53104e9dac75af4a5af3514e71b,Kos_Egor,0,12НГ 2026q3,1,3,2,0,5,2,2,3,3,1,3,,,63,desktop,6,4,10
2026-07-09 10:42:43,45ee2b4889ec574f5fc2323f9aec5995,Phoeneeks,0,12НГ 2026q3,3,2,1,0,5,-3,1,2,4,3,2,"Свой паттерн, который проявляется в том, что я ко второму спринту подхожу в состоянии, когда база и фундамент в просадке.
Перед тем, как достигнуть успеха, я подсознательно делаю действия, которые отдаляют меня от него, и усложняют мне путь к нему.
Отсутствие сна в течение нескольких дней перед стратсессией или другим важным мероприятием, которое потенциально увеличит количество задач, проектов, либо будет требовать ответственности от меня.

А ещё неумение отдыхать. Ведь только когда ""Бобик сдох"", мне официально разрешено отдыхать в моей голове.

А раз я это вижу и знаю - могу с этим что-то сделать.
Собственно в спринте буду над этим работать - большинство проектов как раз об этом всём в этот раз у меня, забота и любовь к себе в действиях, осознаное рукожопие, и беру по минимуму, фокусируясь на фундаменте, кайфах, и основном.
Антиуспешныйуспех. Слишком много достигатора необходимо полярным вытравливать.","Ураааа!!! Новый вариант опроса!!!)))
Моя любимая психология(скупая слеза потекла от воспоминаний заполнения разных опросников с подобными шкалами)! :)",743,desktop,4,7,5
2026-07-09 11:23:24,9894f2b4408713b0f1a8b9011b4e348b,ksemiya,0,12НГ 2026q3,1,3,2,0,6,1,-1,2,3,3,2,,,125,desktop,4,6,6
2026-07-09 13:52:59,9bdb1a51e8f5f6d34358e0a1e935b1ec,alvlivanov,0,12НГ 2026q3,2,2,2,0,6,0,-1,2,3,2,2,"Вселенная помогает тебе решать проблемы, только важно сохранять спокойствие и продолжать движение - делать что-то в направлении решения проблем.",,172,desktop,4,5,7
2026-07-09 14:06:15,fb79a2706e0b4fc001b9b10a2d350365,Nikki2035,0,12НГ 2026q3,1,2,3,0,7,0,0,0,3,4,0,,,122,desktop,0,7,1
2026-07-09 14:28:19,d75e36485033a47954f9f9255ac3f7e6,maksimbochkov,0,12НГ 2026q3,1,2,3,0,5,0,0,1,3,3,1,,,52,desktop,2,6,4
2026-07-09 14:37:56,0dae5025e34639ab3929dc122e4f74ab,Mur_Roman,0,12НГ%202026q3,2,2,1,1,5,0,1,2,3,2,1,,,175,desktop,3,5,6
2026-07-09 23:52:51,e0f732ad647f74734f674a9b2ef834bf,Alexs1288,0,🔥 Огоньки (ДС 2026q3),2,1,1,2,5,0,1,1,3,2,2,,,263,mobile,3,5,6
2026-07-10 06:18:01,68828d1ae802dad3dd30894504d75436,Olga_zabrodina79,0,🌟 Звёздочки (ДС 2026q3),6,0,0,0,2,-2,3,4,1,1,4,Надо отдыхать. Сон по 3 -4 часа в сутки не способствует продуктивной работе,,196,mobile,8,2,14
2026-07-10 08:46:57,cb4048cd99781619620e1f1137abf668,basdanil,0,12НГ%202026q3,1,2,1,2,3,-2,-1,2,3,3,2,"Были отгулы, ни могу вернуться в рабочий режим никак",,149,mobile,4,6,6
2026-07-10 10:01:57,0b8208c9184792ec0951a5cd9516578c,temp_nick,0,12НГ 2026q3,0,3,3,0,3,-2,-2,2,2,2,2,,,47,desktop,4,4,8
2026-07-10 12:47:45,82848daefd958969cff9b08b52699558,advertumacj,0,12НГ 2026q3,1,1,4,0,4,-1,-1,2,3,3,1,"прикольно, когда попадаются новые заряженные бадди (и самое главное -- случайные) -- сразу будто свежий сахар для дрожжей ума",на 3 день прокрастинации бота я смог заполнить опросник,126,desktop,3,6,5
2026-07-10 14:05:37,1b480e3de5c278a24ca4c8f4c195911e,unSaintMan,0,12НГ 2026q3,2,1,3,0,3,-1,2,3,2,2,3,Вздох - ты жив не сдох.,Спасибо!,3550,desktop,6,4,10
2026-07-10 14:05:48,d7e4c894f8bcf8a60528d452b8f8884c,vprgn,0,12НГ%202026q3,2,2,2,0,6,2,1,1,3,3,2,,,786,desktop,3,6,5
2026-07-10 17:14:22,417bbf8c9da6b474faaaff9581983237,Knovelaer,0,чат,2,1,3,0,3,0,1,2,2,2,2,,,36,desktop,4,4,8
2026-07-10 18:21:41,de5cdeaa1c929650105aa3ee03ea02b2,Alexey_Logic,0,🔥 Огоньки (ДС 2026q3),2,2,2,0,4,2,-2,1,3,3,1,Нужно  больше  времени уделять восстановлению,Вы классные),136,desktop,2,6,4
2026-07-11 13:53:08,26ae4319ab36030802a133134df0e1b8,MagicUnderHood,0,12НГ 2026q3,2,1,2,1,7,-1,-1,3,2,2,2,,,645,desktop,5,4,9
2026-07-11 16:53:13,196afd81b065be9bf6d545550567568b,irina_katenina,0,12НГ 2026q3,2,2,2,0,6,2,2,1,3,3,1,,,86,desktop,2,6,4
2026-07-11 18:41:28,2d7e10af6ccdc3354c7ea9d492c586fa,ChasM2,0,чат,1,2,3,0,5,0,1,1,4,4,0,,,109,desktop,1,8,1
2026-07-11 19:01:53,bd60adaf997d3ac32feae48e906adaae,JohnLP,0,12НГ%202026q3,2,2,1,1,5,-1,-1,3,3,2,0,"1. Что нужно сократить число проектов на спринт
2. Большинство проектов на спринт - это этапы Больших долгосрочных проектов.",,253,mobile,3,5,6
2026-07-12 08:48:18,07565f3832674fa410319c2957790fd3,nvkoy,1,🌟 Звёздочки (ДС 2026q3),0,4,2,0,5,2,-2,2,4,3,0,,,102,desktop,2,7,3
2026-07-12 08:53:46,3ff7142267c4b34e844bc1547210031e,EkaterinaKazmina,1,12НГ 2026q3,1,2,3,0,3,0,-2,2,2,2,2,,,58,mobile,4,4,8
2026-07-12 09:01:01,95ab724fc6c3cb0f81382017498cc4c8,anna_metel87,1,🔥 Огоньки (ДС 2026q3),4,1,1,0,6,3,0,1,4,3,0,,,635,mobile,1,7,2
2026-07-12 09:01:58,bab98eb7f7465857677c3bc92ba01b5d,popovichse,1,12НГ 2026q3,3,0,3,0,2,-2,3,3,1,1,3,,,72,mobile,6,2,12
2026-07-12 09:23:11,69b1713d685208eb00216a9ab14718a0,sersch_serg,1,12НГ 2026q3,2,2,2,0,6,0,-1,1,3,3,1,,,54,mobile,2,6,4
2026-07-12 09:23:16,048f1daccc309f980024b9de2ebdb972,kiralary,1,☀️%20Лучики%20(ДС%202026q3),2,3,1,0,6,3,2,2,3,3,3,"Многие мои проблемы с перегруженностью были от невыписанных задач. Я столько всего выписала после практики крючками, и стало гораздо легче жить",Спасибо большое за ваш курс! Это какое-то чудо!,325,mobile,5,6,7
2026-07-12 09:25:22,41b69a17b112b1d8528da06773356f11,shaklein_e,1,🔥%20Огоньки%20(ДС%202026q3),1,4,1,0,6,0,0,1,3,4,1,,,103,mobile,2,7,3
2026-07-12 09:36:02,1db034b5a4f4931ff05cbbf2e24bcc95,maximvj,1,12НГ%202026q3,4,0,0,2,3,-2,1,3,3,3,2,,,82,desktop,5,6,7
2026-07-12 09:49:06,68f696faba6516465a6a0b113f7500e6,GriDV,1,💥 Искорки (ДС 2026q3),1,1,2,2,5,2,-2,2,2,3,0,,,183,desktop,2,5,5
2026-07-12 09:54:57,699deb12eefb3815b3d0ec0e2e744379,semarglll,1,☀️ Лучики (ДС 2026q3),4,1,1,0,5,0,2,3,2,2,3,"Погрузиться полноценно в практики не всегда вышло. 
НО я перечитал главы из ДТ, почистил старый список сингулярки и наполнил его актуальными задачами. 
Дело за _малым_, еженедельным и ежедневными обзорами, верно?)
Пока не чувствую в себе сил в тегогонке, но я лежу в том направлении","Не для протокола
Одним из главных достижений недели считаю настройку всего отдела против нового тупорылого руководства, и коллективное и персональное озвучивание накопившихся проблем. 
Ну в крайнем случае уволят, но это всё фигня. А ВДРУГ УСЛОВИЯ И ВЫПРЯМЯТСЯ, до выпрямления итальянская забастовка. Я крутой работник целые 8 часов, дальше я превращаюсь в семьянина.

Ваша роль во всём этом интересная. 
Прошлый спринт я отмечал в пульс опросе отвратные недели и отмечал всегда что они хуже моей обычной. К концу второго месяца поймал озарение,что отвратные недели превратились в нью нормал. 
И крепко задумался.",1408,desktop,6,4,10
2026-07-12 10:06:05,bbe3ed20221f7173e7fa821ed6515888,maksimbochkov,1,12НГ 2026q3,0,2,4,0,4,0,2,3,3,2,3,что можно перестать раскрашивать какие-то кубики зеленым или красным просто потому что так чувствую строго попробовать определить что согласуется с моими целями а что нет на текущий спринт,,350,desktop,6,5,9
2026-07-12 10:07:44,49b359359980b033f449384c921536f5,dimisi,1,💥 Искорки (ДС 2026q3),1,2,3,0,7,2,-2,2,2,3,3,"Формулировку задач для обезьяны, работу с идеями и проектами. Закрепил отдых. ОТДЫХ КРУТА! (надеюсь меня не уволят)))",,326,desktop,5,5,8
2026-07-12 10:16:22,d93ba2f7f9c4e558e78efa75830d24ea,Margarita_Zok,1,12НГ%202026q3,2,2,2,0,3,-2,1,3,2,0,4,Когда нет физических сил продуктивность отсутствует,,161,mobile,7,2,13
2026-07-12 10:18:36,2c899bc323f7e1295c5379799e7379fc,msartaev,1,12НГ%202026q3,3,1,2,0,4,-1,0,3,3,2,2,"Очень большой проект закончился и его окончание затянулось:) надо больше публичности себя, чтобы было больше доверия",,175,mobile,5,5,8
2026-07-12 10:24:47,ff54c562d00c0afb21d82ca24c0ef57a,moronizzz,1,12НГ 2026q3,0,1,5,0,4,0,2,0,0,1,0,,,35,desktop,0,1,7
2026-07-12 10:29:50,de33b477b09d052b3f5c44983f8a65ed,tael_taeglin,1,чат,1,1,4,0,4,-1,3,3,3,2,1,"Я поняла, что всё, что было сделано на стратсессиях надо переделать :) Я как будто сочиняла себе проекты вместо того, чтобы погрузиться в те, которые есть.",Спасибо :),136,desktop,4,5,7
2026-07-12 10:36:16,026750efcfef407d566ed58dd95b74f4,Logsh123,1,🔥 Огоньки (ДС 2026q3),3,0,3,0,6,1,1,1,4,3,2,"Вспомнил идею ""Саморазвития"", смотря видео от Просто Глеба, там говорилось что 1% достигается не одной ""Темкой"" или ""Ставкой"", а тем что делается ежедневно",Вы крутые,491,desktop,3,7,4
2026-07-12 10:51:06,959f3e0386508d12cc65bf7244ac95a7,TaM_tAm_666,1,чат,0,1,3,2,4,1,0,1,3,3,0,,,236,desktop,1,6,3
2026-07-12 10:57:45,6aabe252615414598787b95c92e23915,vasilev_dm,0,чат,3,0,3,0,4,0,0,2,2,2,2,,,26,mobile,4,4,8
2026-07-12 11:00:07,6d606481986bb76ef00e33bd5bef64e1,vasilev_dm,1,чат,2,1,3,0,3,0,2,1,3,2,3,Разбирать проекты сложно. Восхищаюсь бадди которые входят в спринт с уде разобранными проектами и подготовленной табличкой для трека продвижения,,133,mobile,4,5,7
2026-07-12 11:08:57,8f3c41568c0d51139869d51d602e38dc,DaniilShipilov,1,12НГ%202026q3,1,2,3,0,7,2,0,0,4,3,2,,,107,mobile,2,7,3
2026-07-12 11:26:50,67f5d3d1865b3a936dd13e2c527d0130,fyodor5,1,💥 Искорки (ДС 2026q3),1,0,2,3,3,-2,0,2,4,2,0,,"Испытал разочарование от ""практик"":
Прошёлся по крючкам, новых задач в списке, что уже веду, не появилось. Практика известна и давно пользуюсь. Софт выбирать мне не требовалось, так как ведением задач занимаюсь давно.
Текст книги перечитал по заданию, новых мыслей или озарений не удалось получить.
Второй раз не попал на живое мероприятие в четверг из-за проблем организаторов, испытал разочарование.
Испытываю раздражение от куяи мест, где публикуется инфо спринта - приходится проходить по нескольку раз по источникам, чтобы понять, что надо делать. Нафига игрофикация какая-то с ботом вообще не понял, забил на публикацию какую-то в канале группы поэтому.",508,mobile,2,6,4
2026-07-12 11:33:05,59919a4041cf9e906cf76f003a79e6f9,advertumacj,1,12НГ 2026q3,0,1,3,2,2,-2,0,3,3,2,2,"наверное, надо пользоваться планом из разбора проектов....",,63,desktop,5,5,8
2026-07-12 11:41:18,8dc8eeb67e458b820afa325dbe43ee3e,FixGN,1,12НГ 2026q3,1,3,2,0,5,1,-1,1,3,2,2,"Думаю, что на этой неделе самым ценным было осознать полезность практики ""Не пользоваться устройствами за час до сна"". Всё-таки благодаря ней, я начал ложиться раньше, больше спать и высыпаться... Я всё ещё сплю по 11 часов по выходным, но, думаю, если дальше я буду придерживаться практики, то я наконец-таки высплюсь :-)",,191,desktop,3,5,6
2026-07-12 12:14:33,e719c21754ad29c149a5b9eb795657ab,dmtrx7alien,1,12НГ 2026q3,0,4,2,0,6,1,-1,1,4,4,1,"Я доверяю себе, доверяю той части которую понимаю, доверяю той части которую не понимаю.",,190,mobile,2,8,2
2026-07-12 12:35:16,459f033e0e3301b6a20afcc5afa7007e,artsm92,1,🔥%20Огоньки%20(ДС%202026q3),3,2,1,0,4,-1,0,3,3,2,3,,,63,mobile,6,5,9
2026-07-12 12:41:39,3199530117ad1b50f9fbb2e3044ed164,xamess,1,🌟 Звёздочки (ДС 2026q3),1,2,3,0,5,1,2,2,3,3,2,Обезьянкой можно управлять,,268,mobile,4,6,6
2026-07-12 12:41:41,d698f92172da49b9512ae3112cbcde87,iuliia_mk,1,12НГ 2026q3,2,2,2,0,5,2,0,3,1,2,3,,,96,desktop,6,3,11
2026-07-12 12:42:11,7223f67c75d94866b95112ac117ef925,timpoorboy,1,12НГ 2026q3,1,3,2,0,5,1,-1,1,1,2,2,,,87,desktop,3,3,8
2026-07-12 12:47:05,20cb2fae15c3a7937243303f5a113fd0,yuliya_kutovaya_jewelry,1,чат,2,3,1,0,7,2,0,1,4,4,0,"фирму открывать не сложно, но что бы от этой массы дел де съехать с катушек нужно держать личный ресурс в норме",,465,desktop,1,8,1
2026-07-12 12:47:33,e29bf2ad0eaae41af5a64c15c947d502,melancholium15,1,12НГ 2026q3,4,1,1,0,4,-1,2,2,3,2,2,"Мне становится тесно на моей работе, мысли какие-то появились, что я вот джедай, а вокруг не джедаи, а я бы хотела работать с джедаями, неприятные мысли, тревожные.",,303,desktop,4,5,7
2026-07-12 12:54:09,86a92045236168340b55edfbc278ca63,barvarbar,1,12НГ%202026q3,0,6,0,0,6,-2,0,1,3,1,3,"Того, что нет в почасовом плане — не будет и по факту",,128,mobile,4,4,8
2026-07-12 13:06:21,e45b3743c712a00cb6f82a93cc4d0a0d,iri_korobova,1,12НГ 2026q3,1,3,2,0,6,3,-3,3,3,3,0,Начинать спринт с отпуска - самое правильное междуспринтье !,,322,mobile,3,6,5
2026-07-12 13:14:01,679e96a9c070bd83ced54f9c384e6ee3,Garikos8,1,🔥 Огоньки (ДС 2026q3),3,1,2,0,5,0,1,1,3,3,2,"Повторение практик джедайства, понял что многое позабылось.",,121,mobile,3,6,5
2026-07-12 13:51:11,2b650126ba82e4b91d2bf1612d05979d,stargriv,1,12НГ%202026q3,1,2,3,0,2,-2,-3,1,3,2,1,,,57,mobile,2,5,5
2026-07-12 14:10:45,c6c217d420af2f16832d5691b5397121,Olegkim0,1,☀️%20Лучики%20(ДС%202026q3),2,3,1,0,3,-1,2,2,2,2,3,,,86,desktop,5,4,9
2026-07-12 14:39:47,6cc0d2395a039a722d3f2461579e274a,MadRedFox,1,12НГ 2026q3,3,0,3,0,6,0,0,2,3,2,3,"Даже если неделя была долгой, жаркой и не слегка долбанутой, то она не лишена прогресса по задачам.",,152,desktop,5,5,8
2026-07-12 15:00:48,eacf83a8c3575a60d90dd38370f749ae,tanjahomiakova,1,12НГ%202026q3,0,5,1,0,7,3,-2,1,4,4,1,Из 14 интересных проектов я оставила понятные.,"Разбор проектов с Катей мне очень помог разобрать свои хотелки и записать их в форме применимой для выполнения. 
Жаль, что дальше в спринте они не повторяются.",278,mobile,2,8,2
2026-07-12 15:11:05,f3f0ed926431a3b0857b917e7629340c,katerrna,1,12НГ 2026q3,1,2,1,2,3,-1,-2,3,3,2,1,Активное занятие вопросами быта в моем случае сигнализируют об активной прокрастинации чего-то важного,,337,mobile,4,5,7
2026-07-12 15:33:33,17c81bbb887a1b9a86655452d91d6c97,zhekavii,1,12НГ 2026q3,1,2,2,1,5,2,1,2,3,3,2,"Чуток переутомился и загонял себя во время подготовительной недели, из-за этого спал беспокойно и с пробуждениями в 5 утра. Повысилось беспокойство и поэтому начали сами собой всплывать мысли, вроде: ""Я не успеваю, ааа, нужно больше фигачить"" или "" Ааа, у меня ничего не получится"". Но к концу недели стал больше вкладываться в расслабление и тревога отступила, спать стал лучше, шум в голове рассеивается.","Успехов Максиму Дорофееву в допиливании новой книги. Приложенька - огонь, зелёные заголовки и чекбоксы отлично смотрятся на темном фоне. Отдельное спасибо Катерине Проничевой за проведение коворкингов.",271,mobile,4,6,6
2026-07-12 15:41:26,ca5d42d6c813ad511636edc3c56e69b8,yana_selezneva_coach,1,12НГ%202026q3,0,2,4,0,5,1,0,2,2,2,2,,Сложно ориентироваться по бюджету времени на курс.,109,mobile,4,4,8
2026-07-12 16:23:43,c69571c555f91eee467249f3c0baff57,grigory_sam,1,☀️ Лучики (ДС 2026q3),1,3,1,1,6,2,0,2,3,3,2,"Моя внутренняя обезьянка - это не абстрактная ""мартышка"", это тоже я.
И я стараюсь не для ""обезьянки"", а для себя. 

Поэтому для модели Тима Урбана я разработал свой ""скин"" или ""мод"". Рациональный тип Григорий и его помощник Гришка. Важно портретное сходство со мной, чтобы увидеть в себе обезьянку.","Хорошо работаете, молодцы :)",927,desktop,4,6,6
2026-07-12 16:25:16,94665aec3119302ffab4876f23ddebfb,DarkJewel,1,🌟 Звёздочки (ДС 2026q3),2,0,4,0,7,2,3,3,1,1,4,,Ничего не успеваю. С этим устройством на работу не нашёл времени на ДЗ по джедайским техникам. Успеваю только выживать.,217,mobile,7,2,13
2026-07-12 17:11:16,eafc605f06a510da2819e0828c7e1a5f,dhbdt,1,🌟 Звёздочки (ДС 2026q3),1,3,2,0,6,2,2,1,3,3,1,,,86,mobile,2,6,4
2026-07-12 17:22:09,217d3cc7d8cc2c940d1c45eb0e9949c9,vprgn,1,12НГ%202026q3,1,3,2,0,6,1,2,0,3,3,0,,,75,desktop,0,6,2
2026-07-12 17:22:41,4e25039c1a90bbcf75b6a9d9a1b5c878,tnikotyan,1,💥 Искорки (ДС 2026q3),2,1,3,0,5,1,1,2,2,2,2,,,103,desktop,4,4,8
2026-07-12 18:54:34,9fb99eb3a276bd3e2ac4fb901fa1540d,MishinaAlena,1,12НГ 2026q3,2,3,1,0,6,2,-1,2,3,3,3,Совместные выходы - это классно,"Жалко, что-то спринте нет рабочей тетради как в старте. Или есть, а я не нашла?",413,mobile,5,6,7
2026-07-12 19:05:42,7f28ee183e9daa2edf124f77704bd769,PalaVistas,1,💥%20Искорки%20(ДС%202026q3),1,3,1,1,6,1,-2,4,4,4,4,"Обратила внимание на свои проекты, отодвинув в сторону всё горящее-якобыважное-срочное. Благодаря этому сделала несколько действительно важных лично для меня задачек, которые давно откладывала","На этой неделе не поняла практику про разгрузку памяти крючками. Её цель - в том, чтобы выцепить что-то возможно забытое? Мне она далась тяжело - я выписала ооочень много задач (а я как раз стараюсь наоборот сократить свои списки задач, тк из-за тревожности и требовательности к себе они необъятные), остановилась на половине круга и решила закончить (исписала уже лист А4 к этому моменту и словила фрустрацию и ощущение бессилия)",295,desktop,8,8,8
2026-07-12 19:58:24,b710fed976fca78920ab67764c34d6c5,MaryBurl,1,12НГ 2026q3,1,2,2,1,4,1,1,2,3,2,2,,,96,mobile,4,5,7
2026-07-12 20:05:16,559ba71336edb718fa83009839dac31a,smart_roger,1,🔥 Огоньки (ДС 2026q3),3,1,2,0,3,0,1,2,3,2,2,"Надо отдыхать.
Систематичность важнее количества",,57,desktop,4,5,7
2026-07-12 20:05:27,d6f354c30f250c606ccfd785893ac833,basilmiron,1,☀️%20Лучики%20(ДС%202026q3),1,2,3,0,4,2,-2,2,2,2,2,,"Хотелось бы больше обратной связи и вовлечённости: как от организаторов спринта, так и от участников.",219,mobile,4,4,8
2026-07-12 20:47:45,0831ea8439eddff61f90b78c967b9bfe,am_kiri,1,12НГ 2026q3,2,0,4,0,5,0,0,3,2,2,3,"Поняла, что мне срочно нужен отпуск и попробовала его выбить.",❤️,258,mobile,6,4,10
2026-07-12 21:31:28,167dcb2bc1063df8c9e2cc977f273a30,tamaramayn,1,💥 Искорки (ДС 2026q3),1,1,3,1,3,1,-2,3,2,3,2,"Лучше меньше, но делать хоть что-то, что ведёт к цели или ощущению полноты жизни","Потеряла программу минимум, хотелось бы в боте кнопочку ""программа минимум""",245,mobile,5,5,8
2026-07-12 22:08:06,3607ed8ac9d31e5df7f43577331ddbab,i1024i,1,🌟%20Звёздочки%20(ДС%202026q3),4,1,1,0,4,1,2,2,2,3,3,,,69,mobile,5,5,8
2026-07-12 23:02:19,74540e59a701d089b194a81ee1d32a54,dzimarin,1,12НГ 2026q3,0,0,6,0,3,2,0,3,1,1,3,,,57,mobile,6,2,12
2026-07-12 23:04:02,23cbaec3adf3f493b40a9158750e0c4b,ksemiya,1,12НГ 2026q3,1,3,2,0,7,1,-2,1,4,4,0,"Чтобы хорошо погружаться под воду, нужно хорошее подходящее оборудование.",,285,mobile,1,8,1
2026-07-12 23:11:18,d60ce251b1b35e6357d1691f68c6f12a,vkomiko,1,💥%20Искорки%20(ДС%202026q3),1,3,2,0,5,-1,1,3,2,3,4,"Что к идеям можно тоже заводить задачи на приближение понимания - будешь ли ты это делать или нет.
Про то, что тревожность - это про потерю контроля и его приобретение в каких-то базовых вещах позволяет тебе чувствовать себя лучше",,161,desktop,7,5,10
2026-07-12 23:33:53,9f378aee6d11364988e1c909cfe302fc,MagicUnderHood,1,12НГ 2026q3,2,2,1,1,6,-2,1,3,2,2,2,,,345,desktop,5,4,9
2026-07-12 23:37:54,c4bc086c97bd4e25ee9341abc431f61d,Katrinacarrotss,1,💥 Искорки (ДС 2026q3),2,1,3,0,5,0,1,2,2,2,3,Нужно выделять время на отдых и на подумать,Хорошие практики и большая структурированная база информации 🙏,153,mobile,5,4,9
2026-07-13 07:59:45,8f3523edcf22df66de39c378440daae5,victor_goriunov,1,🌟 Звёздочки (ДС 2026q3),1,2,1,2,5,1,1,1,3,3,1,"Идеи проекты  и задачи:
* главное - вытащить/сформулировать первые шаги чтобы начать
* не всё то задачи, что идеи. Раньше идеи заносил в задачи
* как двигать проект - отщипывать по 1-2 следующих шага в виде задач
* спусковые крючки: задачи в голове уже есть. Лучше вытащить на бумагу",,221,desktop,2,6,4
2026-07-13 08:15:20,cc5a5e46248a3fbcc8fc5ecc4724ac8c,magiya_1c,1,12НГ 2026q3,0,2,4,0,4,0,-3,1,3,2,0,,,179,mobile,1,5,4
2026-07-13 08:51:51,398a28ce65372cf389ac183144beb29f,albaldov,1,12НГ 2026q3,4,0,2,0,3,-3,-3,2,3,1,2,Нет ничего важнее жизни,Нет,117,desktop,4,4,8
2026-07-13 09:00:22,33ec8dc792cf1d904b927d4d39100ca2,ilyafedorchenko,1,🔥%20Огоньки%20(ДС%202026q3),1,2,3,0,5,1,1,3,2,2,2,"Чтобы ремонтировать дом, надо сначала проверить и поправить фундамент.","Отличная методика! Всё 3 столпа задействованы, даёте достаточно времени на восприятие, осмысление и практику",423,mobile,5,4,9
2026-07-13 09:17:18,e63bb3aa16ba605499fe97969c928bcf,Ninanikolavna,1,🌟 Звёздочки (ДС 2026q3),2,2,2,0,5,1,1,2,2,2,2,"Главный инсайт - что можно начать, обозначив пару первых шагов. Личные проекты годами буксовали из-за нехватки мыслетоплива для того, чтобы расписать их полностью. 
Очень нравится holst, сортировка задач и спусковые крючки. Мне важно иметь возможность видеть общую картину, поэтому holst как исходный инструмент для выгрузки, анализа, сортировки и распределения в планировщик - наконец-то то, что нужно!",Спасибо❤️,582,mobile,4,4,8
2026-07-13 09:20:09,ff9bed18a9193168a80dd32ff4bd2ec2,Elena_Sentemova,1,12НГ 2026q3,2,1,1,2,4,0,2,3,2,2,3,Еще есть силы двигаться в том же направлении,,128,desktop,6,4,10
2026-07-13 09:49:12,d14c3d4209e9228d7a5d0c52572e917c,unfreeshooter,1,🔥 Огоньки (ДС 2026q3),2,3,1,0,6,1,0,3,3,2,2,"гораздо проще быть хорошим (мужем, отцом, сотрудником) когда внешние обстоятельства в среднем стабильны.
куда ценнее быть примерно таким же хорошим, когда вокруг задница",,144,desktop,5,5,8
2026-07-13 09:51:14,b0bcfce035737b75c9181e8faccade47,Mur_Roman,1,чат,2,3,1,0,5,3,1,1,3,1,1,"Главное, что даже выполнив свои планы на 100% в денб, итоговая удовлетворенность может зависеть от отношений с близкими. Поругался с женой, но выполнил планы = не факт, что день кайф. А еще когда мало сил, возможно на выходных стоит посылать все дела нах... и просто восстанавливаться","Было бы круто, если бы 12 НГ копил базы примеров, например: Список вариантов отдыха. Так было бы проще открыл список из 100 позиций, выбрал 5 для себя и потестил. Т.к. аудитория осознанная, особенная, сильно выделяется от обычной уличной, короче все плюс минус на одной волне.",670,desktop,2,4,6
2026-07-13 09:52:49,02fd6e4694aed4140672389d3d6acd20,tigrenok_katiel,1,☀️ Лучики (ДС 2026q3),2,3,1,0,6,2,2,1,3,4,1,"Записывать в планировщик мысли как идеи и задачи сразу же, как они возникли в голове, чтобы не носить и не тратить на это энергию. Пока получается",,116,desktop,2,7,3
2026-07-13 10:44:38,94c1187cfd2a9870d42d60d04264cc92,irina_katenina,1,12НГ 2026q3,2,2,2,0,5,0,0,2,3,2,1,,,109,desktop,3,5,6
2026-07-13 10:55:33,8dfcebb80a08242109d03e2ef4e3ce1d,asya_in_motion,0,чат,1,2,3,0,5,1,-2,3,2,2,2,Медитации работают),,133,desktop,5,4,9
2026-07-13 11:25:07,f3b76911f2e859a0a852bc2045124ec3,baikova_f,1,☀️ Лучики (ДС 2026q3),0,1,2,3,5,1,-3,0,3,2,0,Мне над собой еще работать и работать. Надо уходить от безрезультатного накопительства пустых знаний к прочному и постепенному применению их на практике.,🤍🤍🤍,437,mobile,0,5,3
2026-07-13 12:30:31,97faff845a7dfb17327179e7afc9b8f0,alexandrettio_chats,1,12НГ 2026q3,1,1,4,0,5,1,-3,4,1,1,0,Я ещё жива),,130,desktop,4,2,10
2026-07-13 12:44:46,3de7557760160143369ed30329ffb1e4,Vibris,1,12НГ 2026q3,1,3,2,0,6,2,-2,0,4,3,0,Не надо планировать поездки выходного дня на каждые выходные. Мне нужно оставлять себе время насладиться впечатлениями от поездки ДОМА.,,1094,mobile,0,7,1
2026-07-13 12:47:50,cdb43faaa83bbc9d3f60fc267bccf88c,chistyakovyo,1,12НГ 2026q3,1,1,4,0,4,0,0,2,2,2,2,,,33,desktop,4,4,8
2026-07-13 16:04:27,d3115717c3e52fe4baa6fe7879c36102,chillimpostor,1,☀️ Лучики (ДС 2026q3),1,1,3,1,4,-1,-2,3,2,2,3,"Система оценки, базис и корректировка масштаба.
Люди часто обесценивают то, что имеют, считая это само собой разумеющимся.
Я жив и это уже много. Жизнь безусловно наибольшая ценность, без нее все остальное теряет смысл. Она служит базисом, точкой отсчета, от которой идет оценка всего остального.
Оценка идет от базиса вверх, то что есть уже ценно, а не вниз, чего не хватает. Все остальное возможный бонус, каждый слой не само собой разумеющееся, а дополнительная ценность. Базис становится якорем, источником удовлетворения и благодарности.
Когда что-то в моменте захватывает, проблема, тревога, неудача, конфликт, кажется огромным и сверхважным. Возврат к базису позволяет скорректировать масштаб: на фоне того что я жив, насколько это на самом деле значимо?
Не обесценивание, это не важно, а корректировка масштаба. Большинство вещей, которые кажутся критически важными в моменте, на деле оказываются малозначимыми временными обстоятельствами.",,637,desktop,6,4,10
2026-07-13 17:00:17,1f1fa46ecbc35a87e059089690f46d6e,graywrk,1,чат,2,3,1,0,7,3,0,0,3,2,0,,,44,desktop,0,5,3
2026-07-13 21:15:53,28d07ad097414b1fb3620945c533aa9c,sAnastasia,1,12НГ 2026q3,0,0,2,4,2,-3,-2,3,1,0,3,,,51,desktop,6,1,13
2026-07-13 22:12:03,fe045a1cddeb7ba75cd6e52924a39746,tutankhamonych,1,12НГ 2026q3,3,1,2,0,4,-1,1,3,3,2,1,"надо авторизовать все что сделал за неделю - тогда понятно, почему  проекты не делал",,440,desktop,4,5,7
2026-07-13 23:21:49,2c6c7bfc6948197f171e60c8e64e7101,oakimov,1,🌟 Звёздочки (ДС 2026q3),2,1,3,0,5,1,1,2,3,3,1,списки задач для обезьянки,,88,desktop,3,6,5
2026-07-13 23:43:34,6af10c69e7e1bf5c13ba6cbd0912a5bb,elpaev,1,☀️ Лучики (ДС 2026q3),1,2,3,0,6,1,-2,2,3,2,2,,,83,desktop,4,5,7
2026-07-14 06:32:01,92cf6568749d0d43bb2c223964f6d4e3,nkatsurina,1,чат,1,1,4,0,3,0,-1,2,3,2,1,,,187,desktop,3,5,6
2026-07-14 07:58:35,3e29ba8411fe73f0d1d2c7aa8fb0d875,zea_audit,1,12НГ 2026q3,3,2,1,0,5,-1,1,2,2,1,3,"Утренняя прогулка до завтрака и перерыв днём на ""ничего"" сохраняют моё нормальное состояние до  вечера даже в самый загруженный день. Для меня важнее отдохнуть ДО нагрузки, и тогда больше вероятность, что после не придётся ""лечиться""",,625,desktop,5,3,10
2026-07-14 07:59:27,bba519c85d9efbf2bc8f865a42790568,Aezolotarev,1,🌟%20Звёздочки%20(ДС%202026q3),3,1,2,0,5,1,0,2,2,2,2,,,66,mobile,4,4,8
2026-07-14 13:55:48,4d841e95326447953019a5e4ca52eb55,mikhailsavchuk,1,12НГ 2026q3,1,1,2,2,6,1,2,2,3,2,2,Не надо слушать крикливых людей.,,58,desktop,4,5,7
2026-07-14 15:09:57,5e6ddb9533498f6d9dd0aa63f5700edb,kotofos,1,☀️ Лучики (ДС 2026q3),1,2,3,0,4,-1,-3,1,3,3,2,Понял наконец что такое проекты и чем они отличаются от задач,,177,desktop,3,6,5
2026-07-14 16:21:03,61ac6856e23c88380f0b01d8770febcc,mityshumniy,1,🌟%20Звёздочки%20(ДС%202026q3),0,0,0,6,3,-1,3,3,3,3,0,,,66,mobile,3,6,5
2026-07-14 17:36:49,494a363f106b48a27e298515c1db3738,alvlivanov,1,12НГ 2026q3,1,1,4,0,6,-1,-2,2,3,3,0,,,91,desktop,2,6,4
2026-07-14 20:18:10,bfe3ad49b737c1d14b1eff99a86182f4,temp_nick,1,12НГ 2026q3,2,2,2,0,3,-1,-2,2,3,2,1,,,56,desktop,3,5,6
2026-07-15 05:31:05,53bf4d4b3e1fb0544dd3a34ab713b90a,pavlbon,1,12НГ%202026q3,5,0,0,1,1,0,3,3,1,1,2,,,66,mobile,5,2,11
2026-07-15 09:09:10,f70ab644a4a82d9c00e4b17f04a44de5,oNZ7xpXJfrkasyb2enBr,1,🌟 Звёздочки (ДС 2026q3),0,1,2,3,4,1,2,2,3,3,2,,,97,desktop,4,6,6
2026-07-17 10:13:47,d1c9842b20c2331c4e54d303b654cd04,a_a_koles,1,💥%20Искорки%20(ДС%202026q3),1,1,1,3,2,-2,0,1,2,1,3,,,511,mobile,4,3,9
2026-07-19 09:36:52,65f51e248379f68dab622a6a6d583dc0,chistyakovyo,2,12НГ%202026q3,2,2,2,0,4,0,0,2,2,2,2,,,29,mobile,4,4,8
2026-07-19 09:43:06,b99e6fc867390f4c11324d1b386122dc,msartaev,2,12НГ%202026q3,2,1,3,0,3,-2,0,2,2,2,2,,,40,mobile,4,4,8
2026-07-19 09:45:48,5a8ce705f266821c128cd002f88dbbb1,mikulaYkt,2,🔥 Огоньки (ДС 2026q3),2,2,2,0,5,0,2,0,3,3,0,,,74,desktop,0,6,2
2026-07-19 09:48:55,00d45912d84ac6cc94d3e806ee5b7814,lady_ezzick,2,12НГ 2026q3,0,4,2,0,6,0,-2,1,3,3,1,,,91,desktop,2,6,4
2026-07-19 09:57:50,f72e6da8320352376b96d62d9e0f3afb,basilmiron,2,☀️%20Лучики%20(ДС%202026q3),1,3,2,0,6,2,-3,2,2,2,2,,Активностей и обратной связи в точение недели становится всё меньше и меньше. 😞,128,mobile,4,4,8
2026-07-19 10:01:27,b697b2be2788c88f9eae2ce6341200a9,asya_in_motion,2,12НГ 2026q3,2,1,3,0,4,-1,-3,2,1,2,2,,"Сенсорная чувствительность отстой, устаешь от отдыха) медитации рулят :)",217,mobile,4,3,9
2026-07-19 10:08:39,86334f588716175f6a65af0ef30c47c5,ekandria_nova,2,12НГ%202026q3,1,3,2,0,6,1,0,2,3,3,2,"Тренировалась вовремя переключаться с тех задач, по которым все сделала и дальше нужно просто дать событиям развернуться",,124,mobile,4,6,6
2026-07-19 10:10:32,ebf4d4b334b63142ce2fa20edeaaaad6,Olga_zabrodina79,2,🌟 Звёздочки (ДС 2026q3),3,2,1,0,4,1,3,2,3,2,2,"Чтобы что-то менять в своей жизни нужно иметь для этого ресурс, а для меня сейчас это значит высыпаться",,756,mobile,4,5,7
2026-07-19 10:16:21,521ee91b3f6a7912fc4e8bf33c530a38,xamess,2,🌟 Звёздочки (ДС 2026q3),0,2,4,0,3,-1,1,1,3,2,3,Иногда можно проснуться утром уже обезьянкой.,,252,mobile,4,5,7
2026-07-19 10:26:53,252401e0088827d55075a2c345708ec0,moronizzz,2,12НГ 2026q3,0,3,3,0,5,2,-3,0,0,2,0,,,42,desktop,0,2,6
2026-07-19 10:27:45,4a91e7c9f27f9dead0cf22ac9da9ffd1,Vibris,2,12НГ 2026q3,2,2,2,0,6,0,-2,0,4,4,0,,,84,mobile,0,8,0
2026-07-19 10:29:44,30a74e8085d94792601745ceead2a544,MishinaAlena,2,12НГ 2026q3,4,1,1,0,5,-2,2,2,3,3,2,"Всегда иметь план Б. Я никак не научусь брать на работе адекватное количество задач на день. Они все интересные, все хочется. Но выжигают мозг к вечеру.","Никак не пойму, почему мелкая моторика идет в начале? Мы же делаем почти такое же в первой половине страт сессии. Вроде. 
Я мелкую моторику запланировала на середину спринта себе.",428,mobile,4,6,6
2026-07-19 10:33:30,8376849580c251444d2ea8240ee2b9fa,iuliia_mk,2,12НГ 2026q3,0,2,4,0,3,-2,0,3,2,0,3,,,46,mobile,6,2,12
2026-07-19 10:37:01,ec781bb1170632655f697d0cc6ded55e,FixGN,2,12НГ 2026q3,0,3,2,1,3,-1,0,1,3,3,1,,,91,desktop,2,6,4
2026-07-19 10:37:39,f3c78664066d5b623b4283fa2b1c6c3e,VitalyZubentsov,2,12НГ%202026q3,3,2,1,0,6,-1,0,1,3,3,0,,,51,mobile,1,6,3
2026-07-19 10:42:57,fd1a2479baf599845c7a02d2a1f92bc2,Garikos8,1,🔥 Огоньки (ДС 2026q3),0,3,3,0,7,3,-3,0,1,3,2,,,51,mobile,2,4,6
2026-07-19 11:03:28,91363727f1c5f30d02f02ec4bf6b2e92,PolyakovaAR,2,🌟%20Звёздочки%20(ДС%202026q3),0,0,0,6,5,1,0,2,3,1,0,формулировка задач это очень важно,все круто,69,mobile,2,4,6
2026-07-19 11:09:09,5a5071ca79cedb7c42640fdb12cd2835,DmitryRuzanov,2,12НГ 2026q3,1,4,1,0,6,2,0,0,3,3,0,,,93,mobile,0,6,2
2026-07-19 11:19:04,b009139769087c83984b64b8fb3938e4,melancholium15,2,12НГ 2026q3,2,2,2,0,5,1,1,1,3,3,1,"Фундамент мой — это моё тело, и им надо заниматься в первую очередь, поэтому очень клёво я придумала первой зелёной задачей делать тренировку, и потом можно всё остальное, но заниматься физкультурой обязательно и без пропусков.",,270,desktop,2,6,4
2026-07-19 11:41:22,919347354d245bb9ed52b55a73af6d83,timofey_garas,2,💥 Искорки (ДС 2026q3),2,3,1,0,7,2,2,2,3,2,2,Работу с формулировками анализирующих задач. Разницу между идеями и задачами,,110,mobile,4,5,7
2026-07-19 11:42:24,3e3de028c41f75b1db73c60675f1e1d7,vasilev_dm,2,12НГ 2026q3,1,2,3,0,5,2,-3,1,3,3,2,"Прошла первая неделя отпуска с семьей, понимаю что лично мне уже нужен отдых. Снова задумался о том насколько важно уметь отдыхать маленькими отрезами времени, чтобы усталость не накапливалась.",,213,mobile,3,6,5
2026-07-19 11:55:01,edb1ac52898455531614cb88594dc65e,DarkJewel,2,🌟 Звёздочки (ДС 2026q3),2,0,4,0,5,1,3,4,1,0,4,"Пролетела, незаметно. Не успеваю делать домашние задания",,5246,mobile,8,1,15
2026-07-19 12:09:17,b043a9e8b94901bf893b56ed990baede,advertumacj,2,12НГ 2026q3,2,1,3,0,2,1,0,3,2,1,1,жахать мелатонин может быть хорошим костылем,,2487,desktop,4,3,9
2026-07-19 12:37:30,520a2a15646db6203c4a54933de80e38,tnikotyan,2,💥 Искорки (ДС 2026q3),2,2,2,0,5,-1,2,2,3,2,2,,,66,mobile,4,5,7
2026-07-19 12:44:02,b8b86d9094f64f3924389dd0b9a282e6,temp_nick,2,12НГ 2026q3,1,4,1,0,5,1,0,2,2,2,1,"Если я много запланировал, я не сделаю больше.
Я просто буду тревожиться, что не выполнил запланированное.
Мысли о крупных задачах - часто просто мысли. Когда я задумываюсь о долгосроках, висящих надо мной дамокловым мечом, я часто говорю себе ""нелогично браться за какую-то мелочевку, когда не решены крупные проблемы"". В итоге целыми часами по вечерам не делаю ни то, ни то, а залипаю в просмотре видео.","Опрос еженедельный, а шкала - про прошедший месяц:
""В течение прошедшего месяца как часто Вы…""",484,desktop,3,4,7
2026-07-19 12:49:11,c91aa3da73cc925888273fc0876ab745,dhbdt,2,🌟 Звёздочки (ДС 2026q3),0,1,1,4,2,-2,-2,3,3,2,1,,На половине недели заболела :(((,120,mobile,4,5,7
2026-07-19 12:51:51,12de95530b0c17bcf56a0b5457601801,GriDV,2,💥 Искорки (ДС 2026q3),3,1,1,1,5,-1,2,2,3,3,1,,,111,mobile,3,6,5
2026-07-19 12:52:35,0e43b27f7a4a149cc5d461db3ea176d0,Olegkim0,2,☀️ Лучики (ДС 2026q3),2,2,2,0,5,0,2,3,2,2,2,,,52,mobile,5,4,9
2026-07-19 12:54:17,b4a394c13d46b57c4a84cc41180fc206,sersch_serg,2,12НГ 2026q3,3,1,2,0,4,-1,-1,1,3,3,1,,,101,mobile,2,6,4
2026-07-19 12:57:45,c3d39db41fad2e1784548081c8956b87,maximvj,2,12НГ%202026q3,4,1,1,0,4,0,0,2,2,2,2,,,35,desktop,4,4,8
2026-07-19 13:04:18,5e2c7fdb1fb2b2ad2bd9ba667191da28,tem_ar,2,12НГ 2026q3,0,4,2,0,7,3,0,2,3,2,2,,,48,mobile,4,5,7
2026-07-19 13:20:05,181585338f7cfb43026a97931746751a,katerrna,2,12НГ 2026q3,3,1,2,0,3,-1,-1,3,2,2,1,,,159,desktop,4,4,8
2026-07-19 13:54:49,2f92ad420a81270dc8beebc0d7b56ca6,leontevaz,2,12НГ%202026q3,1,3,2,0,7,2,-1,1,2,2,1,,,10489,desktop,2,4,6
2026-07-19 13:54:55,a96cd2a37540a6b0894e2764c47f4e9c,alexandrettio_chats,2,12НГ 2026q3,1,2,3,0,5,2,-2,2,2,3,1,ямолодец работает,,1328,desktop,3,5,6
2026-07-19 14:14:52,6c8c84c414e683f6a07c866829ad3e9e,baikova_f,2,☀️ Лучики (ДС 2026q3),1,2,1,2,4,2,-3,0,4,3,0,"В среду с мужем отправились в дорогу, вечером были на месте, в деревне у родителей мужа. Время здесь идет медленнее, в телефон заглядывать почти не хочется. И не тянет залипать в новостях и комментах. Даже если интернет есть.
А дома почему-то в любой ситуации хочется залезть в телефон, зайти в телеграм, полазить в Озон, и можешь просидеть больше часа за раз. Здесь такого нет, само исчезло.
Телефон, кстати, лежит всегда в другой комнате, но хотя все равно не тянет к нему, когда там нахожусь или готовлюсь там спать. Перед сном и утром в телефоне смотрю только время.",,1362,mobile,0,7,1
2026-07-19 14:30:29,db6c5df57397195a98cc5954e2182305,nabiev80,2,12НГ 2026q3,1,4,1,0,5,1,-1,1,4,4,1,"Сила обратной связи.
Ожидание -реальность",,179,mobile,2,8,2
2026-07-19 14:36:23,8b9b766fc6268c374bd2afb67913ba78,sp190819,1,чат,3,1,2,0,4,1,-2,2,3,3,2,"Утро - наиболее продуктивная часть дня у меня, осталось сместить задачи важные на время до обеда...","Вы - молодцы, большое спасибо за пользу!!!",176,desktop,4,6,6
2026-07-19 14:43:31,22ce3b6cc262d95bc6adf9f5aea25773,tanjahomiakova,2,12НГ%202026q3,1,3,2,0,5,2,-2,2,4,3,2,"Я сходила на практику сложных проектов, потому что у меня было сопротивление на сортировку и протирание полок в шкафах. Но пройдя практику, довольно быстро поняла, что проект не сложный, а длинный и имеется желание все сделать за раз, но это как нельзя начать и закончить вязать свитер за день, так же и протирание с перебиранием. Вот при вязании имеется руководство по вязанию, такая инструкция, где отмечаешь сделанное. Вот и для полок я сделала такую инструкцию и можно отмечать сделанное. Пока я сделала 3 из 40 полок, но мне важен процесс.",,610,mobile,4,7,5
2026-07-19 15:07:22,79d1b64fb785d458f2db9d2e226474c8,MadRedFox,2,12НГ 2026q3,2,1,3,0,7,0,0,2,3,3,1,,,46,desktop,3,6,5
2026-07-19 15:10:25,8346a2afb68452d5df3aadd33d15121a,TaM_tAm_666,2,чат,1,1,2,2,5,1,0,3,3,3,1,,,176,desktop,4,6,6
2026-07-19 16:17:24,4a473c3c5f34f732b7e8b813e7101224,dimisi,2,💥 Искорки (ДС 2026q3),1,3,1,1,5,-1,-1,2,3,2,2,,,109,desktop,4,5,7
2026-07-19 16:45:59,bbe744729a913a7457e96d69cd6938f3,ChasM2,2,12НГ 2026q3,1,2,3,0,7,-1,-1,0,4,3,0,Оказывается если обратить внимание на эмоцию удивление она повсюду),,155,mobile,0,7,1
2026-07-19 16:53:55,5735d9abc3a5be5ca7bca27b0e66591f,vprgn,2,12НГ%202026q3,1,3,2,0,6,1,2,0,3,3,0,,,86,desktop,0,6,2
2026-07-19 17:42:21,b60b437649a87e0ffb9106186c282b9c,oakimov,2,🌟 Звёздочки (ДС 2026q3),2,1,3,0,5,1,-1,2,3,3,1,"Иногда проблема не в том, что кажется изначально",,95,desktop,3,6,5
2026-07-19 18:28:23,d0d740d8dd247c27b2f1d74cb0e7eb63,kiralary,2,☀️%20Лучики%20(ДС%202026q3),2,1,2,1,4,1,0,3,2,2,3,Иногда обстоятельства сильнее нас. И приходится плыть по течению,Большое спасибо за курс! Прохожу с интересом каждый день,1808,mobile,6,4,10
2026-07-19 20:49:45,4e2fb749fa0eb0f710941104fa11ff18,unfreeshooter,2,🔥 Огоньки (ДС 2026q3),2,2,2,0,5,-1,1,3,3,2,2,не все этапы жопы вокруг достигнуты,"спасибо, гораздо сложнее становится уезжать кукушечкой (да и контролируемо, кстати) с Джедайскими практиками",131,desktop,5,5,8
2026-07-19 23:40:00,a631560c335c4f98318fcfbe2b971804,elpaev,2,☀️ Лучики (ДС 2026q3),3,1,2,0,6,1,2,2,2,3,1,,,88,desktop,3,5,6
2026-07-20 04:05:12,1d23aa8360117d3015a5bbb601a33d70,barvarbar,2,12НГ%202026q3,0,3,3,0,4,-3,0,3,2,1,1,"Иногда чтобы получить результат, нужно переделать сопровождение процесса не связанное с результатом",,154,mobile,4,3,9
2026-07-20 06:48:04,8316fc9be12d15b2c136c8d939c6c1bf,pavlbon,2,12НГ%202026q3,3,0,0,3,1,-2,2,4,1,1,4,,,45,mobile,8,2,14
2026-07-20 08:42:35,2b6866641c474f7298410b99509b7bd3,nkatsurina,2,12НГ 2026q3,1,2,3,0,3,0,1,1,3,2,1,,,82,mobile,2,5,5
2026-07-20 09:21:57,79556686f6914ea3d2fc2b6076f6c200,ilyafedorchenko,2,🔥%20Огоньки%20(ДС%202026q3),1,2,3,0,6,2,1,0,4,4,1,"Наконец-то часы перестали меня ругать за неконсистентный и недостаточный сон, а больше хвалить. Я взял цель по внедрению привычки вовремя ложиться.
А вот с задачами, делами и проектами сложнее, начало недели было бодрое, но с середины начались переносы запланированных задач и они стали накапливаться к концу недели. Мне это не понравилось.",,445,mobile,1,8,1
2026-07-20 10:01:39,eb6582ba053afccbb1c5758f5d1af98b,anna_metel87,2,🔥 Огоньки (ДС 2026q3),1,3,2,0,7,2,0,0,4,4,0,,,73,mobile,0,8,0
2026-07-20 10:03:19,d9af37d8b51a9b2c7710cce88bceea3f,Nasya_viki,2,чат,2,3,1,0,5,2,-1,2,2,2,1,"не все зависит от меня, нужно иногда принять что я не могу контролировать процессы",,90,desktop,3,4,7
2026-07-20 10:40:45,872d780ef3b7d3192913e07414a1c37b,irina_katenina,2,12НГ 2026q3,2,2,2,0,4,0,-1,1,3,3,1,,,90,desktop,2,6,4
2026-07-20 10:41:40,ff18201e890cbeffbcf630d6e56be4c8,MrDobriyKot,2,💥 Искорки (ДС 2026q3),0,0,0,6,2,0,0,2,2,2,2,,,662,desktop,4,4,8
2026-07-20 11:27:02,1e6bed9036978d15bb7b396544a1b4aa,Elena_Sentemova,2,12НГ 2026q3,2,1,2,1,5,0,1,2,2,2,3,Возможно еще не всё потеряно и выходы всё же есть,,109,desktop,5,4,9
2026-07-20 11:34:15,7bde94dd5d8858ab41e8ec4639faf6fd,tigrenok_katiel,2,☀️ Лучики (ДС 2026q3),2,3,1,0,6,3,0,1,4,4,0,,,105,desktop,1,8,1
2026-07-20 12:08:30,5056f237311e6c3388c0bac8e8f33f9b,MrDobriyKot,2,💥 Искорки (ДС 2026q3),4,1,1,0,2,0,0,2,2,2,2,,,17,desktop,4,4,8
2026-07-20 12:09:05,55c108ed45c15308cba864a09a94df98,victor_goriunov,2,🌟 Звёздочки (ДС 2026q3),1,2,2,1,5,1,-1,1,4,2,2,"Опять и снова: Из важного и срочного выбирается понятное. Нужно обязательно время на правильные формулировки.
Гигиена формулировки (задач/привычек/минимальных версий) - необходимый минимум",,194,desktop,3,6,5
2026-07-20 12:10:33,3c71310b6671135a0edadbe7acdb2304,Katrinacarrotss,2,💥 Искорки (ДС 2026q3),3,1,2,0,3,-1,0,2,2,2,2,,,71,mobile,4,4,8
2026-07-20 13:20:49,7b4b5f6fa0228fdebf260ff3ef52a20e,Rashit_Khamidullin,2,💥%20Искорки%20(ДС%202026q3),2,1,3,0,6,-2,-2,3,2,2,3,Обзор списка идей\проектов\задач реально работает и помогает меньше прокрастинировать,,243,desktop,6,4,10
2026-07-20 13:43:10,c7f24bdfeccd4a426cb14b00c3b03268,Kos_Egor,2,12НГ 2026q3,2,2,2,0,5,0,1,1,3,2,2,надо больше общаться с разными людьми умными. расширять границы своей картины мира,,73,desktop,3,5,6
2026-07-20 14:04:12,ac6802161e740c4e660750ea4372a782,EkaterinaKazmina,2,12НГ 2026q3,1,2,3,0,4,0,-2,4,1,1,3,,,374,mobile,7,2,13
2026-07-20 14:37:13,7f336ccc71d0edda4e3287da74b29435,zhekavii,2,чат,1,2,2,1,4,-1,0,2,3,3,2,"Техника ""Обезважнивания"", с которой я познакомился в книге Павла Зыгмантовича ""Черная психология"", действительно рабочая штука. В результате стал меньше цепляться за автоматические мысли. Продолжаю проект с этим упражнением.",,448,desktop,4,6,6
2026-07-20 14:38:53,d466c125398d5d34a09f9aeba0714c83,dmtrx7alien,2,12НГ 2026q3,0,3,3,0,6,0,-1,0,4,3,1,"Среда обитания очень большая система, которую я не могу изменить и буду стремиться к равновесию с этой средой. Если мне нравится каким я становлюсь, то единственный вариант сменить среду обитания. И как вывод: одной силой воли привычку не изменить, необходимо создать среду обитания в которой привычка будет расти",,379,mobile,1,7,2
2026-07-20 14:45:46,6daa9730d16da6a96571b94c1783d32c,kotofos,2,☀️ Лучики (ДС 2026q3),0,1,2,3,5,-1,-2,2,3,2,2,Чувство когда так и тянет сделать таску из тудушки,,106,mobile,4,5,7
2026-07-20 14:56:08,6c0725bc7905fe727731ceac35eee4ed,Mur_Roman,2,чат,1,3,2,0,4,-1,-1,2,2,3,2,Что даже люди из другой сферы и вообще незнакомые могут дарить классные инсайты,,378,desktop,4,5,7
2026-07-20 15:31:08,be7c60980dd1e934a174075c0be5b6e9,n_Set,2,💥 Искорки (ДС 2026q3),0,0,0,6,6,1,-1,3,3,2,2,"что утренние ежедневные рутины превыше всего, если профукал уже потом врятли получиться наверстать",,113,desktop,5,5,8
2026-07-20 15:54:30,1de7d28071dfaead2d313839a77cde52,maksimbochkov,2,12НГ 2026q3,0,5,1,0,4,0,-2,1,3,3,1,"Зеленое или красное зависит от твоих целей, например, на квартал. И что было зеленым вчера, таковым сейчас может не являтся",,161,desktop,2,6,4
2026-07-20 16:36:19,55fe76da6a0246f4f03f88d591e19865,albaldov,2,12НГ 2026q3,5,0,1,0,4,-2,-2,0,3,1,2,,,101,desktop,2,4,6
2026-07-20 16:45:22,9d1d26c672f2d757c6c931e5291f9eb2,stargriv,2,12НГ%202026q3,0,3,3,0,2,-2,-3,1,3,3,1,,,39,mobile,2,6,4
2026-07-20 18:13:59,99bdcefd01df3aca7be9a2ac6dbf0369,petrovgenq,2,🌟 Звёздочки (ДС 2026q3),0,3,3,0,5,0,-3,2,2,2,2,,,53,mobile,4,4,8
2026-07-20 18:25:20,0fbe86cdea28c0eb829bfd9b07492397,MagicUnderHood,2,12НГ 2026q3,1,4,1,0,7,1,-1,2,3,3,2,,,485,desktop,4,6,6
2026-07-20 19:55:44,7a05bf0372c2c7bd0934cbe125d30fcc,Timurserov78,2,12НГ%202026q3,1,2,3,0,4,1,1,1,3,3,1,Что цель не всегда бывает явной.,Пока я не успеваю за Вами. Часто тренинги и коворкинги пересекаются с моими производственными совещаниями.,347,mobile,2,6,4
2026-07-20 20:14:29,6ba7b1a32731e0cb52fd819828679ec9,alvlivanov,2,12НГ 2026q3,1,3,2,0,6,0,-1,1,4,4,0,,,93,desktop,1,8,1
2026-07-20 21:03:48,e044382774b77618fcaca49d60aabe4a,chillimpostor,2,☀️ Лучики (ДС 2026q3),1,3,2,0,6,1,-1,1,3,3,1,"Все начинается с наблюдения, хочешь понять что происходит, начни наблюдать и описывать действительное положение дел, честно, без прикрас и оценок.",,279,desktop,2,6,4
2026-07-20 21:11:49,c0da10ec92061d8ca625dcc54fc8c05e,griashiro,2,12НГ%202026q3,0,5,1,0,5,1,-1,1,3,3,1,,,11795,desktop,2,6,4
2026-07-20 21:32:10,65d34eba2bc4624b4b0ba6cf4ecf08a0,Ninanikolavna,2,🌟 Звёздочки (ДС 2026q3),3,1,2,0,4,1,1,2,2,2,2,"Привет! 
Главный инсайт - обозначить минимальный объём, идущий в зачёт внедрению привычки = спасти это самое внедрение от провала и бесконечных начинаний с начала.","Я конечно заполняю опросы, вижу какой-никакой прогресс, но на самом деле мой нынешний режим существования - лайтовый по сравнению с учебным годом, когда я трачу до 17ч в неделю на извоз ребёнка, а в промежутках работаю. Поэтому это всё сейчас немного понарошку:)",297,mobile,4,4,8
2026-07-20 21:47:54,54527365426283078a6298c553fb9eaf,syberbatman,1,чат,3,1,2,0,6,2,3,3,2,3,3,Понял что источником тревоги была безумное количество задач которые я пытался одновременно держать в голове и делать. После выгрузки стало лучше.,,155,desktop,6,5,9
2026-07-20 23:14:00,50dcde30808d8d0a606c3b2287e47e37,tutankhamonych,2,12НГ 2026q3,2,2,2,0,5,0,0,1,3,2,1,,,77,desktop,2,5,5
2026-07-20 23:28:15,488770fe29cfc836fae67a9b2cd5478f,Knovelaer,2,чат,3,1,2,0,3,-1,-1,2,2,2,2,,,42,desktop,4,4,8
2026-07-20 23:28:45,a1d30328ec7b626d20425105e4076c9c,Knovelaer,1,чат,3,1,2,0,2,-1,-1,2,2,2,2,,,16,desktop,4,4,8
2026-07-21 07:42:35,acac40bfaa2dc2ce277d15479f484b2a,tasch,2,12НГ 2026q3,2,2,2,0,5,1,0,2,3,3,2,"Когда я на отдыхе, как сейчас, то отдых - это цель, а работа по остаточному принципу. Раньше было наоборот.",В шкале,274,mobile,4,6,6
2026-07-21 07:59:32,b568441d47d3e0c90541162917308abb,zhilabylamasha,2,💥%20Искорки%20(ДС%202026q3),1,2,3,0,5,2,0,2,3,3,2,,,92,mobile,4,6,6
2026-07-21 08:15:41,1cf32b0341050fd39f1bfe3bcc653dbf,smart_roger,2,🔥 Огоньки (ДС 2026q3),2,1,3,0,5,1,2,2,3,2,3,,,58,mobile,5,5,8
2026-07-21 11:44:51,f4077bdb1e816cdf1ff6259c9a39f069,ksemiya,2,12НГ 2026q3,0,4,2,0,5,1,-1,1,3,3,1,,,95,desktop,2,6,4
2026-07-21 12:00:53,71f665b7955172eb30b650932871cbd2,fyodor5,2,💥 Искорки (ДС 2026q3),1,1,2,2,2,0,0,2,3,2,0,,,58,mobile,2,5,5
2026-07-21 12:51:12,ea6db34d44eb8ef3b3c0939e05499625,smexnov,1,🌟%20Звёздочки%20(ДС%202026q3),1,1,2,2,4,0,-2,2,3,2,2,,,122,desktop,4,5,7
2026-07-21 14:53:46,3a3da6d39e626a98b6e6ed7afb972edf,dariyns,2,💥%20Искорки%20(ДС%202026q3),0,3,3,0,2,0,0,2,2,2,3,"нужно записывать все, что в голове, даже самое мелкое, иначе все забывается. И слона надо есть по-кусочкам","Вы ребята делаете масштабную работу! вы реально классные!!!!! 
Но для меня пока очень тяжело: очень много информации для чтения и для работы в разных источниках; очень сильно путаюсь, теряю где и что было, что нужно и где сделать, из-за этого прокрастинирую )))))   
НО! наверное, по-другому и не может быть, так как вы выдаете максимум информации и практики для нас! и Это ЦЕННО. но все же, лично мне тяжко прям.",690,desktop,5,4,9
2026-07-21 15:27:42,e7a7dd23bbc11f90533b502f30c6c5c9,dymonix,2,чат,3,1,2,0,3,-2,2,2,2,3,2,,,81,mobile,4,5,7
2026-07-21 16:47:42,cbdf3920f781d7530fee2f60a6db0433,Phoeneeks,1,чат,2,2,2,0,5,1,-2,2,4,2,0,"Отдыхать, развлекать и общать себя с живыми человеками - делает меня довольным жизнью, и целом счастливее.
Фундамент и кайфы стоит продолжить ставить в фокус.","Трудно перестраивать себя, но здорово, что джедаи на опыте говорят о таких вещах например, как то что важно избавляться от старой модели поведения, где упарывание ради упарывания, работа ради работы, достижения ради достижений, и отдыхать, развлекать, заботить и любить себя через действия.
Личный пример - лучшее, что работает.
И здорово что можно копипастить этот пример у лучших!

А когда они ещё и успешные оказывается, что не только отдыхают, заботят и любят себя, но и задачки вагонами ежедневно отгружают - вопросов не возникает, полезные ли они советы\рекомендации дают.",152823,desktop,2,6,4
2026-07-21 22:24:44,d2cb8fa3fc238b761e61381769a16a2c,oNZ7xpXJfrkasyb2enBr,2,🌟 Звёздочки (ДС 2026q3),0,1,1,4,4,-1,-2,1,3,3,1,,,70,desktop,2,6,4
2026-07-22 08:04:17,6252f9be2bafd66687fcc9d0168fd6d0,semarglll,2,☀️ Лучики (ДС 2026q3),2,2,2,0,6,2,-1,1,3,2,1,Наконец-то пошёл прогресс после строгого посыла в далёкое путешествие руководящего состава.,"Вы милаши, хоть опрос я и с опозданием прошёл",280,desktop,2,5,5
2026-07-22 08:52:35,3088b162be96299d9256d57ce340610e,grigory_sam,2,☀️%20Лучики%20(ДС%202026q3),3,2,0,1,6,2,2,2,3,3,2,"от самых важных для меня тем в курсе я прячусь за горами работы.
Так было на неделе 0 - отдых.
Так было на неделе 2 - привычки.
Там, где мне больше всего надо поработать в рамках курса, я больше всего сопротивляюсь.",,256,mobile,4,6,6
2026-07-22 12:29:50,a0dd429601b720e4cd210db9d7bb7097,dmtszv,2,☀️ Лучики (ДС 2026q3),0,3,2,1,6,1,0,0,4,3,1,,,252,desktop,1,7,2
2026-07-23 09:13:07,49c5a44198d9ed656ccb65a95b464bb4,magiya_1c,2,чат,2,1,3,0,6,2,3,2,3,2,1,,,94,desktop,3,5,6
2026-07-25 03:14:06,320e9d294c2cbf2871c95750c4deec09,PalaVistas,2,💥%20Искорки%20(ДС%202026q3),3,1,2,0,3,0,2,4,2,1,3,,,63,mobile,7,3,12
2026-07-26 09:10:16,f2d449d89fa4eb4b6064a22888e66e52,katerrna,3,12НГ 2026q3,2,1,2,1,4,2,-2,3,2,1,2,,,137,mobile,5,3,10
2026-07-26 09:12:23,9dd592eaf9c73e89a95d98a5a80d7333,basilmiron,3,☀️%20Лучики%20(ДС%202026q3),2,3,1,0,6,2,-2,2,2,2,2,,,58,mobile,4,4,8
2026-07-26 09:15:34,22c5468b1bdc0ee84319bfcee2de518c,sp190819,3,☀️%20Лучики%20(ДС%202026q3),2,3,1,0,5,2,1,2,2,2,1,"Занимался важными вещами, намного больше чем раньше, были ценные практики, самое ценное - то, что получилось сделать, то что давно откладывал…",Максиму спасибо,400,desktop,3,4,7
2026-07-26 09:15:58,b9bbe791e6a49a534fca27ee69078a9b,tnikotyan,3,💥 Искорки (ДС 2026q3),2,1,3,0,5,1,1,1,3,2,3,"Складывать на сегодня минимальный список задач, которые вот прямо критически сделать сегодня",,128,mobile,4,5,7
2026-07-26 09:23:59,5fe5786aa4d111853354b33c59c50631,ilyafedorchenko,3,🔥%20Огоньки%20(ДС%202026q3),2,3,1,0,6,1,0,0,4,4,1,Система ведения задач начала работать,,129,mobile,1,8,1
2026-07-26 09:31:52,8c4a909ef8a1a4f3022e67f63cc03a17,mikhailsavchuk,3,12НГ%202026q3,0,2,1,3,5,0,-1,3,3,2,2,Тебе нужны пространство для уединения,,56,mobile,5,5,8
2026-07-26 09:34:14,692db54939b09659f2b6ada915c05d7d,AlisaBay,3,12НГ%202026q3,0,3,3,0,5,-1,1,2,2,2,2,,,51,mobile,4,4,8
2026-07-26 09:34:32,ae43eb498fa0801c2dc3f60794371ec0,maximvj,3,12НГ%202026q3,4,2,0,0,7,-2,0,2,3,2,2,,,57,desktop,4,5,7
2026-07-26 09:37:30,f309fb3da666628e3de61be5f2ce256c,petrovgenq,3,🌟 Звёздочки (ДС 2026q3),1,1,4,0,5,1,-2,2,2,1,2,,,77,mobile,4,3,9
2026-07-26 09:43:16,a18b0e82a18a80a29b1367726cbd0dc6,popovichse,3,12НГ 2026q3,2,1,3,0,3,-1,2,4,2,1,2,,,65,mobile,6,3,11
2026-07-26 09:55:45,f252d6298568eb93dddf10d254b06083,DarkJewel,3,🌟 Звёздочки (ДС 2026q3),5,0,1,0,3,2,2,4,1,2,4,,,151,mobile,8,3,13
2026-07-26 09:58:58,397d2fdb53cf430db75c44d422a22e46,anna_metel87,3,🔥 Огоньки (ДС 2026q3),3,2,1,0,7,2,2,0,4,3,0,,,129,mobile,0,7,1
2026-07-26 10:56:03,010211528ea23fc309ccd54e946e2db3,GriDV,3,💥 Искорки (ДС 2026q3),2,2,1,1,6,1,2,2,2,3,1,,,88,mobile,3,5,6
2026-07-26 11:25:07,63975e88e99d43bdc8826c141e900cbb,moronizzz,3,12НГ 2026q3,0,3,3,0,5,1,-3,2,2,0,0,,,63,desktop,2,2,8
2026-07-26 11:27:42,02be0e849fb89d6601e58d13b3cb6ca3,elpaev,3,☀️ Лучики (ДС 2026q3),3,0,3,0,3,-2,2,1,2,3,1,,,55,mobile,2,5,5
2026-07-26 12:09:57,8e43b7ddcc30937fe51885c6d785287c,mikulaYkt,3,🔥 Огоньки (ДС 2026q3),3,0,3,0,4,0,2,0,3,3,0,,,50,desktop,0,6,2
2026-07-26 12:16:14,35b497ae2c18af88c1f539c26ffee88a,advertumacj,3,12НГ 2026q3,1,2,3,0,2,-2,-1,3,4,2,2,"надо отдыхать не только мозгу, но и плечам-спине",,81,desktop,5,6,7
2026-07-26 12:18:21,1b09616c64426a5041e96123d547a436,FixGN,3,12НГ 2026q3,1,3,0,2,2,-2,0,2,3,2,2,,,1819,desktop,4,5,7
2026-07-26 12:28:36,53e52019f6c365dad965ae5910763ed5,baikova_f,3,☀️ Лучики (ДС 2026q3),0,0,2,4,4,-1,-3,0,4,2,0,"Если задача записана так, что в ней указано, с каких действий я начну ее делать и прямо в задаче написано, сколько времени на нее я уделяю (обычно записывала 20 мин), за задачу намного легче взяться.
Например, ежедневная задача ""Переписывать расходы и доходы из блокнота мужа в приложение MoneyManager в течении 20 мин"". По истечении 20 минут закрываю приложение и убираю блокнот, даже если есть желание залипнуть в это дело. Продолжу запись завтра, или выделю сегодня вечером 20 мин, если будет желание. Когда все записи перепишу, нужно будет поменять ""в теченит 20 минут"" на ""в течении 5 минут"". 
Раньше задача звучала ""Записать бюджет"", и я игнорировала ее.","Спасибо, что вы есть🤍",964,mobile,0,6,2
2026-07-26 12:45:57,3758cdf15c46ccd9c4c71ccead7c71a4,semarglll,3,☀️ Лучики (ДС 2026q3),1,2,3,0,6,2,-2,2,3,3,1,,,114,mobile,3,6,5
2026-07-26 12:59:37,f8046b3f9798034174fb288469d92c75,nvkoy,3,🌟%20Звёздочки%20(ДС%202026q3),2,3,1,0,6,1,1,1,3,3,1,,,86,mobile,2,6,4
2026-07-26 13:19:19,782555b822f39b276bd327c09a064b78,unSaintMan,3,12НГ 2026q3,4,1,1,0,5,-2,2,3,2,2,2,Лупай скалу и что-нибудь получится.,"Спасибо,
в следующий спринт попробую  Джедайский старт и Спринт ))",234,desktop,5,4,9
2026-07-26 13:21:39,1a62a297017bc87e7f792f80b39539a1,unSaintMan,2,12НГ 2026q3,3,1,2,0,3,-2,2,3,2,2,2,Крутое пике отдыхает.,Спасибо,69,desktop,5,4,9
2026-07-26 13:22:56,77e05fb86d60e3248e0246de03ac6899,chistyakovyo,3,12НГ%202026q3,0,0,6,0,4,0,0,2,2,2,2,,,29,mobile,4,4,8
2026-07-26 13:27:36,f0c716f5412d71844d9489cf996d2fe1,iuliia_mk,3,12НГ 2026q3,3,0,3,0,1,-3,-1,3,1,1,3,,,36,desktop,6,2,12
2026-07-26 13:29:51,48b177cc91a6c6ae4b68ca3845ea1c22,victor_goriunov,3,🌟 Звёздочки (ДС 2026q3),1,2,2,1,5,1,0,1,4,3,1,"В редиске - переформулирование целей, которые выражены через ощущение в конкретные метрики (но без фанатизма)",,148,desktop,2,7,3
2026-07-26 13:44:34,cb5b951d683a84f05650f8419b87e484,sersch_serg,3,12НГ 2026q3,1,2,3,0,4,0,1,1,3,3,1,,,91,mobile,2,6,4
2026-07-26 14:02:21,7d39660385154873a5f9368fb9e59897,PalaVistas,3,💥%20Искорки%20(ДС%202026q3),1,3,1,1,6,1,0,2,2,2,1,,,62,desktop,3,4,7
2026-07-26 14:16:45,8e7e6f59b4ff6d12ccee69fb1b5f1c3b,unfreeshooter,3,🔥 Огоньки (ДС 2026q3),2,2,2,0,5,1,0,2,3,3,1,"лучше иметь плохой план на плохую ситуацию (предварительно впустив в мозг такую вероятность и сделать первое касание к рефлексирвоанию), чем не иметь оного и поймать ступор, вляпавшись в плохую ситуацию",можно ли как-то намутить корпоративный тариф или скидку для джедаев на Холст?,234,desktop,3,6,5
2026-07-26 14:59:25,fde5c6054241af426be6c6ffdda387ac,pavlbon,3,12НГ%202026q3,6,0,0,0,1,0,3,4,1,1,3,,,42,mobile,7,2,13
2026-07-26 15:31:46,0e80c0df2350275e5af685246cde752e,VitalyZubentsov,3,12НГ%202026q3,3,2,1,0,3,-2,-1,0,3,2,1,,,59,mobile,1,5,4
2026-07-26 15:39:35,8e418054e536b40dfbb978d93ea69be3,Katrinacarrotss,3,💥 Искорки (ДС 2026q3),3,1,2,0,5,1,0,2,2,2,3,,,77,mobile,5,4,9
2026-07-26 16:25:59,c819c0aa95b441557012c43a427d5d81,MadRedFox,3,12НГ 2026q3,3,0,3,0,4,-1,-1,2,3,2,1,,,90,desktop,3,5,6
2026-07-26 16:44:19,dcfe4fe80465471064a1ac407ffc6e24,alexandrettio_chats,3,12НГ 2026q3,0,2,3,1,5,1,-3,2,3,2,1,Что часть решений принята но не реализована и это отжирает энергию,,15424,desktop,3,5,6
2026-07-26 17:26:52,7d90f2e26340dff67f0d7f0f20a9ef55,MaryBurl,3,12НГ 2026q3,1,2,1,2,2,-1,-1,1,3,3,2,,,47,desktop,3,6,5
2026-07-26 17:36:44,2d0281131fb4afbac0a954dceea8730a,Olegkim0,3,☀️%20Лучики%20(ДС%202026q3),2,2,2,0,4,0,1,3,3,3,1,,,179,desktop,4,6,6
2026-07-26 17:50:05,46f0c64df896be46003186197d7e1c06,tem_ar,3,12НГ 2026q3,1,3,2,0,7,3,3,2,2,3,1,,,64,mobile,3,5,6
2026-07-26 18:27:13,bde6172976cd383c630a4384b11909c6,msartaev,3,12НГ%202026q3,2,0,4,0,2,-2,1,2,2,2,2,"Методы восстановления перепробовал разные. Легкий дофамин, книги, музыка. В общем главное не увязать, вроде выхожу в плюс",,99,mobile,4,4,8
2026-07-26 18:31:58,d3341562fda25ad50e99067987f35053,iri_korobova,3,12НГ 2026q3,3,1,2,0,4,-1,1,2,4,2,0,,,55,mobile,2,6,4
2026-07-26 19:17:35,13f6f66d003b4337e02fea66b1c6a362,MishinaAlena,3,12НГ 2026q3,3,1,0,2,2,0,1,2,1,1,3,,,59,mobile,5,2,11
2026-07-26 19:24:47,9a1c113353e3934543b91148ca818e95,Ninanikolavna,3,🌟 Звёздочки (ДС 2026q3),4,0,2,0,2,0,3,2,2,2,2,"К сожалению, главный инсайт - состояние стресса и аврала отбрасывает меня назад в ""каменный век"". И даже про помидорки забываю, если усталость зашкаливает. И про отдых между ними тем более. 
Хорошая новость в том, что прохождение курса помогает максимально быстро вернуться обратно в процесс:)",,288,mobile,4,4,8
2026-07-26 20:24:33,2093da7371e7d30e9581e3b68476aa22,MrDobriyKot,3,💥 Искорки (ДС 2026q3),1,3,2,0,5,0,0,3,3,3,3,,,61,desktop,6,6,8
2026-07-26 20:31:00,6d38c8a6378fe043d1c92e5e19777f3f,xamess,3,🌟 Звёздочки (ДС 2026q3),0,1,5,0,3,1,1,1,4,3,3,,,64,mobile,4,7,5
2026-07-26 20:55:08,28e884105d28b644c430c6d7a16e6c62,oakimov,3,🌟 Звёздочки (ДС 2026q3),2,1,3,0,5,1,-1,1,3,3,1,"Очень тяжело ""выключить"" всезнайку и задавать вопросы, без попытки тут же ответить на них",,102,desktop,2,6,4
2026-07-26 21:25:55,9c9f7c93e2a783938d1a3e5ce88a393b,chillimpostor,3,☀️ Лучики (ДС 2026q3),1,2,3,0,5,-2,-1,3,3,2,3,"Если задача сырая, не готова к выполнению, заблокирована, сложная, непонятная, не ясно с чего начать — то, скорее всего, это и не задача вовсе, а идея или проект, которые нужно готовить в сосредоточенном режиме: прояснять, упрощать, нарезать, доводить до состояния ""можно делать"".",,639,desktop,6,5,9
2026-07-26 21:26:03,4c3d6508a8352ec0e6c31426b231c96c,tael_taeglin,3,12НГ%202026q3,2,1,3,0,5,3,0,2,2,2,1,Надо брать на работу взрослых и ответственных людей с которыми можно оставить работу на 2-3 дня,Спасибо!,153,mobile,3,4,7
2026-07-26 23:02:16,eb6e6571351f5ecf9b3e34a11a95c817,leontevaz,3,12НГ%202026q3,1,3,2,0,6,1,-1,0,4,3,1,,,108,desktop,1,7,2
2026-07-27 08:11:37,c5bf61d658479bea3143630fefb46935,timpoorboy,3,12НГ 2026q3,2,2,1,1,5,-2,-2,3,4,4,1,,,82,desktop,4,8,4
2026-07-27 08:28:01,74a3f8a997ad09a995e95a9921b78e3d,dmtrx7alien,3,12НГ 2026q3,1,1,4,0,6,1,0,0,3,3,1,"Умение делать зарядку - это физическая возможность организма, а умение делать зарядку каждый день - это уже практика духовная.",,371,mobile,1,6,3
2026-07-27 08:32:07,54856619ab2bd1795061e351e5fa1ef5,albaldov,3,12НГ 2026q3,3,0,3,0,3,0,2,1,2,2,2,Нет,Нет,89,desktop,3,4,7
2026-07-27 08:35:01,cd50c8f57940c4099065cca686876535,nabiev80,3,12НГ 2026q3,1,4,1,0,6,2,-3,1,3,3,0,"Определил для проектов метрики.
План-факт круто !",,519,mobile,1,6,3
2026-07-27 08:43:47,99822454425755931809d711c7bb330e,JohnLP,3,12НГ%202026q3,1,1,1,3,6,0,0,1,4,3,1,"Нужно отдыхать, полностью выходя из сложившегося образа жизни",,178,mobile,2,7,3
2026-07-27 09:25:18,1dbb4b54682558d3c35a30d0d99c09fd,vasilev_dm,3,12НГ 2026q3,1,2,3,0,5,1,-3,2,3,3,2,"Ждал окончания отпуска, т.к. поскорее хотел вернуться к привычныму графику с зелеными задачами, микро отдыху, и экспериментам",,150,mobile,4,6,6
2026-07-27 09:28:19,00d54533024f3ca5d89dbad699ccd072,barvarbar,3,12НГ%202026q3,1,3,2,0,2,-2,0,3,3,1,1,,,74,mobile,4,4,8
2026-07-27 10:42:41,0c2fb85475307a7886760d36349cd63f,basdanil,3,чат,2,4,0,0,7,3,-2,1,4,3,1,,Отпуск!),101,desktop,2,7,3
2026-07-27 10:55:13,8646744f443b92ff42ec0cfba64cab1c,Kos_Egor,3,12НГ 2026q3,3,1,2,0,3,-1,1,2,2,2,2,"Никогда не планируй работу, пока не понял, какой результат должен получить!!!",,99,desktop,4,4,8
2026-07-27 11:03:47,747b34cc2d76f479b8b21d26baf4d73e,maksimbochkov,3,12НГ%202026q3,1,3,2,0,5,1,-2,1,3,3,1,,,57,mobile,2,6,4
2026-07-27 11:10:24,ba6a303eddf9b88952b6444bbab2fa53,dimisi,3,💥 Искорки (ДС 2026q3),3,1,2,0,7,-2,0,2,3,2,1,,,132,desktop,3,5,6
2026-07-27 11:13:42,3e49133b70c7d95984b035f107e184ed,zhilabylamasha,3,💥%20Искорки%20(ДС%202026q3),0,1,3,2,3,1,0,2,2,3,2,Для меня очень важен старт недели: все остальные действия и даже настроение зависят от него.,,112,mobile,4,5,7
2026-07-27 14:41:59,4702265063a8a814f8ff3a380aa9be6f,irina_katenina,3,12НГ 2026q3,2,3,1,0,6,-1,-2,3,3,2,2,,,82,desktop,5,5,8
2026-07-27 15:22:29,57b00936615a20ed87004df8159fc764,stargriv,3,12НГ%202026q3,0,2,4,0,3,-2,-3,1,3,3,1,,,45,mobile,2,6,4
2026-07-27 16:09:56,89ba63eb522200d143e6ceb7929cd437,dhbdt,3,🌟 Звёздочки (ДС 2026q3),1,1,3,1,6,-2,0,1,3,3,1,,,91,mobile,2,6,4
2026-07-27 17:06:32,0cbf6c06b7ee17fe0547463e5901c52c,Phoeneeks,3,12НГ 2026q3,1,1,4,0,6,1,-3,2,4,4,1,"Я могу быть ""неэффективным"", и не быть ""плохим/не ок"" от этого, я не обязан быть ""достигатором"", и затрахивать себя ""успешным успехом"" до истощения, когда ""бобик сдох"", и к нему нет претензий, он же сдох😅

Если я отдыхал, развлекал и общал себя с живыми человеками - я в целом счастлив, даже если из всего запланированного я не сделал почти нихрена. Пожалуй это главное достижение этого спринта, и что заметил на этой неделе.

Перестать бить себя палками и заставляя себя соответствовать картинке о себе в голове, и начать принимать себя таким какой я есть - дорогого стоит.","Всё таки я заметил связь в глубинных изменениях психики, и нарушениями режима дня и сна. 
Кроме 2 раз за прошлый спринт(ну и до него бывало так, просто явно я увидел это именно в том спринте) так происходит уже 2й минимум раз за этот(а прошло всего 1/4 спринта🙈😅).
Что там причина, что следствие, и как они связаны - это продолжу изучать.

Но скажу что ещё один неочевидный бонус от джедайских стартов/спринтов - ускорение перестройки психики, я не припомню, чтоб такие глубинные изменения просто один за другим шли, я еле успеваю перестроить и восстановиться, как у меня бац и снова изменение мышление и поведения с перестройкой всего и вся.🙈

Хочется остановиться, пожить, и хоть немножко приблизить себя к другим целям, на которых ресурса просто не остаётся, тк перестройка психики пипец энергозатратное мероприятие.

Тут правда сразу прилетает, что ""пожить"" так то у меня как раз больше стало в этом спринте, он вообще весь про ""пожить"" получается, и проекты изначально в фокус, как основные, брались именно про ""пожить"".

И наверное стоит ответить на вопрос, а действительно ли нужно приближать себя к другим целям, если вечером я чаще счастлив, а с утра чаще просыпаюсь довольным...🤔

В общем вопросов снова больше чем ответов, но этот путь интересен, и эксперимент этого спринта крайне любопытен.

Долина уныния 6й недели наверное должна стать особенной отличной от прошлой - есть такое ощущение почему то.",1565,mobile,3,8,3
2026-07-27 17:44:58,55d26d2b139290c689df3ddfd5208ae4,DmitryRuzanov,3,12НГ 2026q3,1,3,2,0,5,1,-2,0,2,2,0,,,2328,desktop,0,4,4
2026-07-27 17:57:17,075323e7ac8253e03e7897fe908228de,SakovM,3,12НГ 2026q3,2,1,3,0,4,-2,-2,2,3,3,1,"Праздновал на выходных др с джедаями из старого потока, с которыми дружим. Эта поездка в москву была трансформационной. Ее надо осмыслить)","Спасибо, что благодаря клубу я встретил этих ребят))",256,mobile,3,6,5
2026-07-27 19:03:23,acbdc46091857897a841a9f379eef9d4,ekandria_nova,3,12НГ 2026q3,1,4,1,0,6,0,0,2,4,2,2,другие люди - важный источник энергии в моей жизни,,88,desktop,4,6,6
2026-07-27 21:10:36,8e384201a6ddf8e62e9ee5877dcb38dc,kiralary,3,☀️%20Лучики%20(ДС%202026q3),3,0,3,0,4,-3,2,1,1,1,4,"Надо срочно увольняться. Написала заявление, полегчало",Не устаю благодарить за чудесный курс,110,mobile,5,2,11
2026-07-27 22:58:23,6042a9a92b49535c2c29e7fe47656119,tutankhamonych,3,12НГ 2026q3,3,1,2,0,5,0,0,1,3,2,1,,,79,desktop,2,5,5
2026-07-28 05:00:30,bb1eec4fc37c172fd48e32ccd2f746b1,i1024i,3,🌟%20Звёздочки%20(ДС%202026q3),3,2,1,0,3,0,-1,3,3,2,3,,"Эту неделю я пропустил, так как всё ещё смотрю одну из прошлых недель",90,mobile,6,5,9
2026-07-28 06:05:39,6feb0a0dab97b431c0e84b0fb5028cb4,nkatsurina,3,12НГ 2026q3,1,1,4,0,3,0,2,2,3,2,1,,,73,mobile,3,5,6
2026-07-28 09:04:26,d69bfe1c4221fdba26865909df40957a,Timurserov78,3,чат,0,3,3,0,4,-1,-1,1,2,2,0,Иногда можно сделать паузу и понаблюдать на происходящие со стороны. Хотя это на этой неделе в полном объеме это выполнить не удалось. Не смог себя уговорить. Ощущал что не дорабатываю.,,50912,desktop,1,4,5
2026-07-28 11:59:21,34fb9d5ea5031d5502226fd82b2d922b,alvlivanov,3,12НГ%202026q3,1,3,2,0,6,0,-2,0,4,3,0,,,82,desktop,0,7,1
2026-07-28 12:18:36,fc4856d5aa0d61dce2fa26850664f8f4,komalexei,2,чат,1,2,3,0,4,0,0,2,3,2,2,,,80,desktop,4,5,7
2026-07-28 12:23:53,6fc64bb034630ba79edd07497f5e752b,komalexei,3,чат,2,2,2,0,4,-1,-1,2,3,3,2,"Нужно не опускать руки и продолжать пробовать другие подходы. Рутина затягивает, а иногда наоборот начало отпуска становится неожиданностью которая выбивает из колеи ( перестал вести свое состояние и расходы потому что делал это по дороге на работу в транспорте).",,176,desktop,4,6,6
2026-07-28 13:45:16,82022c98950b6339aeb50abc99c72cfa,asya_in_motion,3,12НГ 2026q3,1,1,4,0,2,-2,-2,4,3,3,3,Женские циклы зло 😄,,65,mobile,7,6,9
2026-07-28 18:33:36,a1049e262b47aaf10ccf348ef4787cf9,tanjahomiakova,3,12НГ%202026q3,0,2,4,0,6,2,-2,1,4,3,2,"Сложные показатели здоровья (замеры давления, разные анализы ) не так важны для здоровья, как простая примитивная тренировка.","Спасибо за то, что вы есть. 
1. Пришла на помидорку- все пыхтят, стараются. Сразу начинаешь также пыхтеть и стараться. 
2. Читала рекомендации для понижения давления от ИИ (Kimi AI) - «уменьшите время с экранами, ложитесь спать без телефона, вставайте и до полудня не пользуйтесь телефоном». Практики Макса внедрены в новейший китайский ИИ!",549,mobile,3,7,4
2026-07-28 20:15:20,15fc811075db364c0716c092cb52749a,am_kiri,3,12НГ 2026q3,2,3,1,0,5,1,-1,1,2,3,2,,,152,mobile,3,5,6
2026-07-29 00:37:50,866b8a32137cd6da1abe58dcfbf4adc2,Knovelaer,3,чат,2,2,2,0,3,-1,1,1,2,2,1,,,40,desktop,2,4,6
2026-07-29 02:17:41,33c20976ff34c565386adcb9491076e8,kotofos,3,☀️ Лучики (ДС 2026q3),0,2,2,2,3,-1,-2,2,2,2,2,"На самом деле не так и много задач крутится в голове, если их выписать",,118,desktop,4,4,8
2026-07-29 09:21:11,bc461b7aa56d7638ef19d6ccbd08fb75,dymonix,3,чат,2,0,4,0,3,-2,-1,3,2,2,4,,,60,desktop,7,4,11
2026-07-29 11:27:45,35b807c403f7b9e41eb78c983e391691,MagicUnderHood,3,12НГ 2026q3,1,4,1,0,7,0,-1,2,3,3,2,,,246,desktop,4,6,6
2026-07-29 12:25:10,0851f61e80c2af99608e059e3919abb8,grigory_sam,3,☀️ Лучики (ДС 2026q3),3,2,0,1,6,-1,2,2,2,2,2,"Ещё одна такая неделя (по трудонагрузке), и я бы двинул кони.
Если бы не поддержка джедаев, я бы уже точно свалился.
А так может я и не эффективен, не во всём следую Пути :) но по крайней мере не виню себя за неэффективность и хотя бы местами стараюсь практиковать джедайский подход. Это уже помогает.",Понравился формат аттестации,418,desktop,4,4,8
2026-07-29 12:43:06,8f0aa2aca2683b3399e85f3b14d80498,temp_nick,3,чат,1,2,3,0,4,0,1,2,2,2,1,,,47,desktop,3,4,7
2026-07-29 16:02:28,6dc702057c3bfad7fe632c8d6d4d272f,Mur_Roman,2,12НГ%202026q3,1,2,3,0,4,-1,-2,3,2,2,2,Нужно больше разбирать проектов и тренироваться,,133,desktop,5,4,9
2026-07-31 00:04:23,8f0dbbcac7f4aff8147f3c403a7dd95b,f_f_frolova,2,чат,4,1,1,0,6,2,-1,2,3,3,1,"Очень полезные главы из книг, видео. Они поданы и разделены по темам, мне подходит такой вариант прохождения курса.",,225,desktop,3,6,5
2026-07-31 00:10:02,92a2d1b9272601d54a1d936f14089da3,f_f_frolova,3,чат,4,1,1,0,6,1,0,1,3,3,1,"Практика ""редиска"" показала, научила, что важно переформулировать задачи, так как от этого зависит выполнение задачи.","Можно ли как-то эту систему аккуратно предлагать мужу? Практически все мои рекомендации, новые знания он воспринимает как не особо нужные. Считает, что он справляется со своими задачами, но по большому счету он выполняет задачи, которые отодвигают красные цели, но в график ничего не может вставить из зеленых задач.",325,desktop,2,6,4
2026-08-01 06:40:00,4608402fcb1b833d89112a655226e2a0,MaryBurl,3,чат,0,3,1,2,5,1,0,1,3,3,1,,,55,mobile,2,6,4
2026-08-01 10:45:58,4ef4855942ef0ddf84d33b6f6040eef1,basdanil,3,чат,1,2,1,2,6,-2,-2,2,3,3,0,,,74,desktop,2,6,4
2026-08-02 09:14:11,622d09cca121cda7298036cb4fe561c7,Garikos8,4,🔥 Огоньки (ДС 2026q3),2,2,2,0,7,1,-1,0,3,4,0,,,102,mobile,0,7,1
2026-08-02 09:14:26,6933303e661e9f666f1e37174329dd56,katerrna,4,12НГ 2026q3,2,3,1,0,5,1,-2,2,2,2,1,,,75,mobile,3,4,7
2026-08-02 09:21:49,ba0c934c9448a9073ee40d87167d874d,shaklein_e,3,🔥%20Огоньки%20(ДС%202026q3),1,2,3,0,5,1,-1,1,4,4,0,,,92,mobile,1,8,1
2026-08-02 09:23:58,9b39fc5dcdba0dd6da8332d8e5e73c8b,moronizzz,4,12НГ 2026q3,0,3,3,0,4,0,0,0,2,1,0,,,42,desktop,0,3,5
2026-08-02 09:24:23,5d9d841c57f19af1277e61c9c49da657,shaklein_e,4,🔥%20Огоньки%20(ДС%202026q3),1,2,3,0,6,2,-1,1,4,4,0,Возобновил ведение зеленых задач. Вернее отмечаю работу над зелеными задачами.,,144,mobile,1,8,1
2026-08-02 09:26:15,a60297068ae37fd641ae1fb51a4f0ecf,ekandria_nova,4,12НГ%202026q3,1,2,3,0,6,0,-2,1,3,3,1,"Что угодно можно говорить, а интуиция работает",,81,mobile,2,6,4
2026-08-02 09:27:26,93d74f8bee00d7511a23a00c6e38b121,AlisaBay,4,12НГ%202026q3,2,2,2,0,4,0,0,2,2,2,2,,,28,mobile,4,4,8
2026-08-02 09:28:52,7e417b86b3b87eaccd7d85f746aa71d9,griashiro,4,12НГ%202026q3,1,5,0,0,6,3,0,3,3,3,0,,,126,desktop,3,6,5
2026-08-02 09:44:54,c6d0771d9bceb18c98cea7324ab8aac4,ChasM2,4,12НГ 2026q3,2,1,3,0,6,0,0,0,4,4,0,Чем быстрее рефлексия тем быстрее получается учиться - остаётся только научиться давать себе моменты услышать себя,,172,mobile,0,8,0
2026-08-02 09:50:35,f90f6dfe3815a51fcfc1202e711d9a98,Vibris,4,12НГ 2026q3,3,2,1,0,5,0,0,0,4,4,0,У меня полностью внедрены многие джедайские техники,,263,mobile,0,8,0
2026-08-02 09:51:42,c10798dce0047c63d05a71896639cbbc,chillimpostor,4,☀️ Лучики (ДС 2026q3),2,2,2,0,5,0,2,3,3,3,3,"Делать все возможное, все что в моих силах
Возможно ли делать ""все возможное""?
Время и внимание конечны, а возможностей и вариантов, часто взаимоисключающих, множество, поэтому выбор не отклонение от идеала, а сама форма действия.
Часто ли мы делаем ""все что в наших силах""?
Думаю если такое и возможно, то в исключительных ситуациях, когда мы боремся до полного истощения.
Поэтому ""делать все возможное, все что в моих силах"", это скорее красивая форма самообмана, и возможно обмана окружающих, вместо того чтобы принять ответственность за свой выбор и действия.
Принять, что исходя из контекста и понимания ситуации в моменте, как я ее оценил, насколько серьезно и осознанно я к ней отнесся, я сделал выбор и действия пытаясь повлиять, в итоге ставки были сделаны и сыграли как сыграли, это нам неподконтрольно, результат остается только принять, учесть опыт и действовать дальше.",Спасибо!,2194,mobile,6,6,8
2026-08-02 09:57:43,09518e5a0c08f1d2518c3d8c0c963161,kiralary,4,☀️%20Лучики%20(ДС%202026q3),1,2,3,0,6,2,-1,3,3,2,1,"Можно попробовать договориться с начальством, прежде чем писать заявление.
Общение с ИИ может помочь проанализировать и улучшить жизнь.
Можно планировать и делать по 15 дел в день, а не «2 больших, 3 маленьких».",Невероятно вам благодарна за это обучение! Спасибо большое!,835,mobile,4,5,7
2026-08-02 10:05:57,2e4e6ba9fbe5c5d9368d6c16a50a754f,nkatsurina,4,12НГ 2026q3,0,2,4,0,5,1,0,1,3,3,1,,,2678,mobile,2,6,4
2026-08-02 10:09:09,1cad66897e5eb7dd62ef98962d851244,tnikotyan,4,💥 Искорки (ДС 2026q3),2,2,2,0,5,-1,1,2,3,2,2,,,61,mobile,4,5,7
2026-08-02 10:10:32,642c6d98ee700d64a0b8e3e180d5feee,GriDV,4,💥 Искорки (ДС 2026q3),1,1,3,1,4,-2,-2,2,3,3,1,,,86,desktop,3,6,5
2026-08-02 10:15:04,15a65ab993d66654e9b8434a6df87726,dimisi,4,💥 Искорки (ДС 2026q3),3,1,2,0,4,-2,2,2,2,2,2,,,67,desktop,4,4,8
2026-08-02 10:16:43,c4b86d2a4a548eb3d04601223266b82f,baikova_f,4,☀️ Лучики (ДС 2026q3),0,0,2,4,4,-1,-3,1,4,1,2,,,184,mobile,3,5,6
2026-08-02 10:26:13,7846d236637b82466150085478da71bf,dmtrx7alien,4,12НГ 2026q3,0,3,3,0,6,1,-2,0,3,3,1,,,108,mobile,1,6,3
2026-08-02 10:27:55,d54c0a838d7af670f41b617b066e8d03,MishinaAlena,4,12НГ 2026q3,3,1,2,0,6,2,2,1,3,2,2,Написать три самые важные задачи - работает,,119,mobile,3,5,6
2026-08-02 10:44:33,be44b241020d58d83ef48f6d14008e2f,fyodor5,4,💥 Искорки (ДС 2026q3),2,0,2,2,2,-2,1,2,3,2,1,,,83,mobile,3,5,6
2026-08-02 10:45:21,0f82af740103d544c165198e60d37a89,maksimbochkov,4,12НГ%202026q3,2,2,2,0,5,1,-2,1,3,3,1,,,48,mobile,2,6,4
2026-08-02 10:52:04,22baed1174eacd94aa1e701c558ca830,tamaramayn,4,💥 Искорки (ДС 2026q3),3,1,2,0,6,2,1,2,3,2,1,"Я ценный работник, решающий разнообразные задачи. И от этого я быстро устаю",Сколько времени в среднем уходит на выстраивание  и закрепление собственной системы планирования?,296,mobile,3,5,6
2026-08-02 10:57:34,ddd6ba0abd8619825fd4295cf602cb63,DarkJewel,4,🌟 Звёздочки (ДС 2026q3),4,2,0,0,7,3,-1,1,3,4,0,"Кодекс от опен АИ. Это бомба. Я прожил остальную жизнь зря. Я вернулся к написании игры, за выходные я сделал больше чем мог сделать за месяцы работы в одного.",,202,mobile,1,7,2
2026-08-02 11:11:54,e6bfa74d41713f9221c5d3af2a261ab9,iuliia_mk,4,12НГ 2026q3,4,0,2,0,4,-2,2,2,2,2,2,,,43,mobile,4,4,8
2026-08-02 11:25:51,27b7ff946301937eeea1f6dbb8ddd029,FixGN,4,12НГ 2026q3,1,3,1,1,4,0,-1,1,3,2,2,"Одним из открытий недели для меня было то, что ""2 минуты ничего не делать"" и ""Работать помидорками"" - это про разное. Я думал, что ""2 минуты ничего не делать"" - это про перерывы во время работы, а не про вырабатывания у себя навыка спокойно ничего не делать в течении долгого времени.",,174,desktop,3,5,6
2026-08-02 11:55:34,7d4e19c4fddb043d7707b23fcd6d9ade,advertumacj,4,12НГ 2026q3,3,2,1,0,2,-3,-2,3,2,1,2,"надо ценить жизнь и здоровье себя и близких, пока есть возможность",,66,desktop,5,3,10
2026-08-02 12:06:55,ab6979e7e8c80f100f70931d67253e64,vasilev_dm,4,12НГ 2026q3,1,2,3,0,6,2,-1,1,3,3,1,Оказывается можно выполнять практику ДСР и не напрягаться. Т.к. в жизни мы делаем тоже самое - планируем и делаем задачи.,,177,mobile,2,6,4
2026-08-02 12:12:56,649ea405aee08e68d4517993baa7c87a,VitalyZubentsov,4,12НГ 2026q3,3,2,1,0,4,0,1,2,3,2,1,,,42,desktop,3,5,6
2026-08-02 12:37:35,a901baa13650ffd9cea4c7a71256b847,smart_roger,4,🔥 Огоньки (ДС 2026q3),1,2,3,0,5,1,2,2,3,3,2,,,49,mobile,4,6,6
2026-08-02 12:59:08,41a74ffe57ae5368b32fb940a48099ba,asya_in_motion,4,12НГ 2026q3,3,0,3,0,1,-3,-3,4,4,1,4,,"Не знаю куда сенсорную перегрузку и плохое состояние, в срочное или операционное 😄",115,mobile,8,5,11
2026-08-02 13:25:27,d33ee86cab51fa6d81bc5a494b7beb38,MrDobriyKot,4,💥 Искорки (ДС 2026q3),4,1,1,0,2,-2,2,2,2,1,2,,,44,desktop,4,3,9
2026-08-02 13:28:46,08592d1f3da923e0cf7076a4fc2971c2,tem_ar,4,12НГ 2026q3,2,1,3,0,4,0,0,2,2,2,2,,,21,mobile,4,4,8
2026-08-02 13:59:43,940c25f107dd6b9d60454e8f19c41e9e,zhekavii,4,чат,1,2,3,0,7,3,-1,1,4,4,1,"После Слоев Сопротивления поставил себе повторяющуюся задачу: ""Делать задачи только из списка"". И если до этого я делал задачи из списка несколько часов подряд, то теперь был в режиме 3-х дней задач только из списка. Теперь стало понятнее, куда порой улетают опилки и огрызки времени. А улетают они иногда на те самые: ""Ой, да дело на 2 минуты"". А 10 минут спустя: ""Ну всё, я закончил или почти закончил""",,477,mobile,2,8,2
2026-08-02 14:32:12,bf560eaffcb7e35b0f095df3fa76795b,vprgn,4,12НГ%202026q3,1,4,1,0,6,2,1,0,3,2,1,,,135,desktop,1,5,4
2026-08-02 14:57:11,5eaaecf3363e9d26fbc50613db54e28f,oakimov,4,🌟 Звёздочки (ДС 2026q3),1,2,3,0,5,1,-2,1,3,3,1,В начале пути надо следовать дословно практикам,А есть задачник Джедимидовича по практикам?),114,desktop,2,6,4
2026-08-02 17:03:07,8e3297260bc6287e6c27475e73bc869a,tael_taeglin,4,12НГ%202026q3,3,2,1,0,4,1,-1,3,2,2,3,,,62,mobile,6,4,10
2026-08-02 18:59:49,4f73367e47e6f57705dc4bccea0fa07f,pavlbon,4,12НГ%202026q3,6,0,0,0,1,0,1,3,1,0,3,,,46,mobile,6,1,13
2026-08-02 19:46:14,4beb4c9b26263ca2d74634e4291828a9,ilyafedorchenko,4,🔥%20Огоньки%20(ДС%202026q3),2,1,3,0,5,1,1,2,3,3,2,,,94,desktop,4,6,6
2026-08-02 20:32:14,107114c8c32f978ffd5a94ff8fa209ac,am_kiri,4,12НГ 2026q3,2,3,1,0,6,1,-1,2,3,1,2,"Надо ставить себя на 1 место, чтобы иметь силы делать то что надо.",Шлю лучи добра,494,desktop,4,4,8
2026-08-02 21:08:43,ee6c159fb6801b90c75132c62f4e6a86,leontevaz,4,12НГ%202026q3,3,1,2,0,7,1,-1,2,1,2,2,,,76,desktop,4,3,9
2026-08-02 21:35:37,c82bd12095ad48bb810ac3550d5b2aff,petrovgenq,4,🌟%20Звёздочки%20(ДС%202026q3),3,2,1,0,5,1,2,2,2,2,2,,,87,desktop,4,4,8
2026-08-02 22:58:27,3f1ce0a15e1a48804915129b27221cc7,MadRedFox,4,12НГ 2026q3,0,0,6,0,3,-1,-1,2,2,2,2,,,35,desktop,4,4,8
2026-08-03 00:41:19,fe936c816bed110d637a92cf151824a9,fedrr,4,☀️ Лучики (ДС 2026q3),2,2,1,1,6,1,-2,2,2,2,1,Можно менять своих таракашек через вопросы КПТ,Прохожу ДС уже второй раз и те же статьи только начинаю понимать и применять на практике,165,desktop,3,4,7
2026-08-03 04:42:43,e62c582ccee98f91424ec9a57edf439a,lady_ezzick,4,12НГ 2026q3,0,4,2,0,7,0,-2,1,4,3,0,,,173,mobile,1,7,2
2026-08-03 05:55:10,9a80453234a75bbd6f14d6c0a2ff6a2d,semarglll,4,☀️ Лучики (ДС 2026q3),1,2,3,0,6,3,-2,2,2,2,2,,,219,mobile,4,4,8
2026-08-03 06:57:03,a7412079cc6a4de8ba962a77235c55e2,iri_korobova,4,12НГ 2026q3,4,1,1,0,4,-1,2,1,3,1,0,,,82,mobile,1,4,5
2026-08-03 07:55:45,cc8ee27fafcdcd4e128f88f665f94bf4,barvarbar,4,12НГ 2026q3,2,2,2,0,1,-3,-2,2,2,2,0,,,86,desktop,2,4,6
2026-08-03 10:01:05,b190cd94e6cf0b07050b33ec904180bd,irina_katenina,4,12НГ%202026q3,3,2,1,0,6,1,0,2,3,2,2,,,85,mobile,4,5,7
2026-08-03 12:33:41,2d94c028544f08bf85dea78254ea4c7a,alexandrettio_chats,4,12НГ 2026q3,1,2,3,0,5,1,-3,1,3,3,1,,,44,desktop,2,6,4
2026-08-03 13:02:55,f48dca8bd04c9e0ea3c6093856eea086,dhbdt,4,🌟 Звёздочки (ДС 2026q3),1,2,3,0,6,1,2,3,3,3,1,,,207,mobile,4,6,6
2026-08-03 13:37:30,5179d32f611a859d2639b6a7db5ce8d1,Mur_Roman,4,12НГ 2026q3,1,2,3,0,5,-1,-2,1,3,2,1,"Что время летит, если не планировать, то можно легко терять дни",,134,mobile,2,5,5
2026-08-03 13:49:34,029023df0e8b6eb8d89781326fc33fa1,TaM_tAm_666,4,чат,1,1,3,1,5,2,1,2,1,2,2,,,198,desktop,4,3,9
2026-08-03 13:57:43,4360b4f9ea6f0ef8cb0117214385fb73,basdanil,3,чат,2,3,1,0,4,-2,-2,2,3,2,1,,,2032,desktop,3,5,6
2026-08-03 14:02:07,ab519b8b9c5cb1f840580767696b0176,MagicUnderHood,4,12НГ 2026q3,0,4,2,0,6,0,0,2,3,3,2,,,113,desktop,4,6,6
2026-08-03 14:34:42,987fcfb7b5096beadd192a097f0bf54a,kotofos,4,☀️ Лучики (ДС 2026q3),1,2,3,0,5,0,-1,2,2,3,2,Спорт внезапно даёт силы а не забирает в долгосрок и даже среднесрок,,223,desktop,4,5,7
2026-08-03 15:44:00,e647ca6e719f4d6b3273a56d51daf856,Kos_Egor,4,12НГ 2026q3,1,2,3,0,5,1,0,1,3,3,1,,,268,desktop,2,6,4
2026-08-03 17:39:29,e44dfcfa3204415ea1f89a2b5243ac07,DmitryRuzanov,4,12НГ 2026q3,1,2,3,0,4,-1,-1,0,3,2,0,,"Идея с кубиками интересная, но не проделав полноценную рефлексию прошедшей недели, не оценив план/факт/вбоквилл, кубики кидаешь немного рандомно. Ну типа красное можно вспомнить по тому, помнишь ли стрессовое/авральное на работе и дома. Целевое по тому, сколько задач осталось несделанным. Серое - все остальное. Или в этом суть опроса - оценить ощущения?",363,desktop,0,5,3
2026-08-03 19:19:24,39a0da462ee0b2abe0d9c0eebef91f21,stargriv,4,12НГ%202026q3,0,3,3,0,3,-2,-3,4,4,4,1,,,61,mobile,5,8,5
2026-08-03 19:55:08,c6e72401524bd860f4bb2d37bac4946d,Timurserov78,3,чат,1,4,1,0,5,-1,0,2,2,2,1,"Я проявил управленческую смелость и отстоял перед генеральным директором заместителей генерального директора по строительству, объяснив, что задача функционального ЗГД — экспертно сопровождать коллег, а не подменять их оперативное управление.","Следующую неделю я хочу посвятить не новым масштабным обсуждениям, а превращению одной правильной идеи в работающую систему — пилот унифицированной планёрки — и восстановлению собственного физического ресурса.",2625,desktop,3,4,7
2026-08-03 21:00:57,2fd5ea079e957514067679b3c9ec8264,PatRiOt88,4,💥 Искорки (ДС 2026q3),1,0,2,3,3,0,2,2,2,1,2,,,81,mobile,4,3,9
2026-08-03 21:40:53,8a50e00ca6578cd2262fcfc211314026,unfreeshooter,4,🔥 Огоньки (ДС 2026q3),1,3,2,0,5,1,1,2,3,3,1,"собранная и еще не отлаженная система уже прошла проверку на прочность и не развалилась, хотя в предыдущие итерации я бы отвалился как минимум на неделю с планированием и синугляркой.
в этот раз куда четче заходит (по сравнению с самостоятельным изучением) ежд ревью.
маленькими шагами, но за большими результатами: эволюция - процесс не быстрый, зато результаты ее тоже надолго.
как в одной из книг Максима или Рустама: время получения знания должно быть как минимум уаравновешено временем практики (а получение знаний идет по сути перманентно, т.е. и практиковаться надо постоянно).
лучше сорок раз по разу, чем ни разу сорок раз ))",,311,desktop,3,6,5
2026-08-03 22:17:25,5322ace8614435880cda93d46a32cfe6,alvlivanov,4,12НГ 2026q3,1,2,3,0,6,-1,-2,1,4,4,0,,,87,desktop,1,8,1
2026-08-03 22:26:08,81ad9b81cff859be17b1ed95f5ec6df7,oNZ7xpXJfrkasyb2enBr,4,чат,0,0,1,5,4,0,-3,0,3,4,0,,,68,desktop,0,7,1
2026-08-03 22:58:15,bf7fe1d8d46de8767d310bcc3cd2bc00,tutankhamonych,4,12НГ 2026q3,2,2,2,0,5,1,0,0,1,2,1,,,115,desktop,1,3,6
2026-08-03 23:20:24,b0bb8a6200bfac8279758ac5c833866d,unSaintMan,4,12НГ 2026q3,1,3,2,0,5,2,-2,3,2,2,2,"Во время факапа, можно посраться, а можно собрать свою волю и начать действовать.
Но вот вопрос как не получать факапов с этим человеком?","Спасибо.
как не получать новых факапов с человеком? Если не сраться, то человек не запоминает ((",479,desktop,5,4,9
2026-08-03 23:29:01,4e97ad7c3c0fcd554d2452379945c3fe,chistyakovyo,4,12НГ 2026q3,0,0,6,0,4,0,0,2,2,2,2,,,24,desktop,4,4,8
2026-08-04 02:50:42,41a8222fdc2134ada80b7e73279c2ea6,melancholium15,4,12НГ%202026q3,1,2,3,0,4,1,2,2,3,3,1,"Ухаживай за своим садом, а бабочки прилетят сами.",Спасибо вам за ваш труд!,223,mobile,3,6,5
2026-08-04 06:54:36,d8de18b14395457697d3bb7929a117b5,victor_goriunov,4,🌟 Звёздочки (ДС 2026q3),1,2,3,0,6,1,2,1,3,3,1,"Продолжается расхламление пространства и в планировщике и в мыслях. Рутины типа живых помидорок, ежедневного планирования простраивают время и усилия","Для меня уже есть уже явная ценность ДС.  ДС предлагает фреймворк из рутин, практик, активностей, которые можно сразу внедрять и они приносят результат. А подумать, осознать, инсайты и т.д. - это всё догоняет после. Т.е. как будто 2 и 3 столпы поменялись местами.",301,desktop,2,6,4
2026-08-04 08:42:44,191ba61ddbd98c385afa7e16d4929ff7,Phoeneeks,4,12НГ 2026q3,1,2,3,0,3,-2,-2,3,4,4,2,"Гипотеза, что глубинные изменения в психике взаимосвязаны с появлением внезапного хаоса(если что-то может пойти не так - оно пойдёт, сломаться-сломается, отлететь - отлетит) в жизни.
Пока не понял что из этого причина, а что следствие пока, тк в этом спринте я из этого цикла выйти не могу, за этот спринт 4 таких цикла прошло, вот в 5й на этой уронился.
За прошлый спринт вообще было 2-3, а тут уже опережение, и мне уже немного страшно)))

Джедайские техники нуууу оооочень сильно ускоряют изменения поведения и мышления, как остановить этот процесс(и надо ли?:) )!!!!????)))) 

А главное достижение - самосострадание проявляю и прислушиваюсь к себе больше.","Чуть не попался на иллюзию, казалось что мало сделал на той неделе, и внутренний голос мне сказал, что сходи-ка проверь в самоанализах - там факты...
В итоге понял что глючило, неделя плодотворнейшая для того режима сна в котором я был, недосып на недосыпе увы, НО проекты двигались, задачи выполнялись.",1173,desktop,5,8,5
2026-08-04 13:14:42,f7edb4987eca375b28e9583680363dba,magiya_1c,4,12НГ 2026q3,0,1,5,0,4,0,1,1,3,3,3,,,135,desktop,4,6,6
2026-08-04 15:26:15,0fcc032e68ab33f824d17bebe6775b88,mikhailsavchuk,4,чат,1,2,1,2,6,1,0,3,3,3,3,"Да отдыхать надо, вот и всё.",,55,desktop,6,6,8
2026-08-05 04:38:42,ec064fa3df70944cddf4ba3f90b2f15e,dymonix,4,чат,3,2,1,0,5,-1,2,2,2,2,2,,,103,mobile,4,4,8
2026-08-05 08:18:17,d7c680f62fe28d64761062f1162f17d5,albaldov,4,12НГ 2026q3,5,0,1,0,4,-1,2,0,3,2,2,,,50,desktop,2,5,5
2026-08-05 11:02:17,f687cb66b6571e83c925f07b77a80470,grigory_sam,4,☀️ Лучики (ДС 2026q3),2,1,1,2,6,-2,2,2,2,2,2,Самое ценное - впечатление от бадди-созвона в стихийно образованной бадди-группе. Ребята замечательные и достойный пример!,,241,desktop,4,4,8
2026-08-06 08:03:11,f363a2a2067e8b0e40094848465e79ec,Olegkim0,4,☀️ Лучики (ДС 2026q3),0,1,5,0,5,-1,2,3,3,2,3,,,47,mobile,6,5,9
2026-08-07 18:03:18,755979f20b51f53d5a0ca0a309768b3b,Phoeneeks,4,12НГ 2026q3,1,2,3,0,3,-2,-2,3,4,4,2,"забыл кнопку жмакнуть.

Гипотеза, что глубинные изменения в психике взаимосвязаны с появлением внезапного хаоса(если что-то может пойти не так - оно пойдёт, сломаться-сломается, отлететь - отлетит) в жизни.
Пока не понял что из этого причина, а что следствие пока, тк в этом спринте я из этого цикла выйти не могу, за этот спринт 4 таких цикла прошло, вот в 5й на этой уронился.
За прошлый спринт вообще было 2-3, а тут уже опережение, и мне уже немного страшно)))

Джедайские техники нуууу оооочень сильно ускоряют изменения поведения и мышления, как остановить этот процесс(и надо ли?:) )!!!!????)))) 

А главное достижение - самосострадание проявляю и прислушиваюсь к себе больше.","Чуть не попался на иллюзию, казалось что мало сделал на той неделе, и внутренний голос мне сказал, что сходи-ка проверь в самоанализах - там факты...
В итоге понял что глючило, неделя плодотворнейшая для того режима сна в котором я был, недосып на недосыпе увы, НО проекты двигались, задачи выполнялись.",64,desktop,5,8,5
2026-08-09 08:26:05,d6dc78d7e13853a036c8d8cc7f7bf1b1,GriDV,5,💥 Искорки (ДС 2026q3),3,0,1,2,3,-2,2,2,3,2,2,,,107,mobile,4,5,7
2026-08-09 08:29:24,b77ab78f8c29c7c6fa63c6fb15e565f3,dmtrx7alien,5,12НГ 2026q3,1,1,4,0,4,-1,-2,0,3,3,0,,,77,mobile,0,6,2
2026-08-09 08:56:32,897badbb6ec280eccb79a0bd0d2c8cd6,tanjahomiakova,5,12НГ%202026q3,0,4,2,0,7,3,-2,2,3,3,2,"Медитация снижает-таки давление. 
На этой неделе принимала участие в строительных работах. Но несмотря на ощущение энергии в теле (руки-ноги), давление поднялось и не снижалось пока не сделала медитацию с Лапсанга. Что лишний раз доказывает какое воздействие на нас оказывает медитация и элементарный фокус на дыхании.","В восстановлении после операции и продолжительной анемии сложность состоит  в признании, что восстановление идет не по арифмитической прогрессии, а по какой-то синусоиде со сложными процентами. Я отслеживаю разные показатели, делаю много действий для восстановления:  график сна, водного баланса, прогулки, питание, упражнения, перерывы, планирование всех задач на день как сторипойнт. Но очень сложно постоянно искать баланс в том, что уже можно, а чего еще нельзя.",1000,mobile,4,6,6
2026-08-09 09:20:34,0de37945c7332b0297a1ad3dd60a6d82,maksimbochkov,5,12НГ%202026q3,1,4,1,0,7,3,-3,0,4,4,0,Планировать заранее план на отпуск-круто,,129,mobile,0,8,0
2026-08-09 09:20:48,7c3cf1c76e731ae87ea2c9c76f50e2f1,ekandria_nova,5,12НГ%202026q3,0,3,3,0,6,1,0,1,3,3,1,,,200,mobile,2,6,4
2026-08-09 09:21:26,3a9cdab8b9c85ecefa03f18319352c1b,Garikos8,5,🔥 Огоньки (ДС 2026q3),3,1,2,0,4,-3,3,2,3,2,2,,,133,mobile,4,5,7
2026-08-09 09:28:43,ffcbc7297ea683b726981e9e52f18fbc,tem_ar,5,12НГ 2026q3,0,2,4,0,7,2,-1,1,3,4,1,Удачи ошеломляют порой не меньше неудач.,"Прикольно встречать старых Бадди в жизни, спасибо за классное сообщество",126,mobile,2,7,3
2026-08-09 09:34:36,542964d98b3bf25c6d1148126efdb46b,DarkJewel,5,🌟 Звёздочки (ДС 2026q3),0,2,4,0,6,2,-1,2,2,3,1,"На это неделе устал, но наконец поставил обсидиан и выгрузил туда список задач который у меня есть.",,93,mobile,3,5,6
2026-08-09 09:47:54,9cfcba1760a341ba75f3d8679736f129,chillimpostor,5,☀️ Лучики (ДС 2026q3),2,2,2,0,6,2,-1,2,3,2,3,"Не раз слышал от Рустама историю о том, как к нему приходили люди и жаловались на огромные списки важных задач и как в ответ он сажал их выписывать задачи по памяти.
Дополнил похожим шагом свой ежедневный обзор. Перед тем как просматривать какие-либо списки, я открываю пустую заметку дня и отвечаю на вопрос ""На чем я собираюсь сфокусироваться сегодня, на что направлю свое внимание и время?"". Не что я должен или мне надо сделать, а что я собираюсь делать, потому что для меня это важно. Ответ на этот вопрос помогает мне задать каркас плана дня и вернуть себе агентность и связь со своими стремлениями.",Спасибо!,1292,mobile,5,5,8
2026-08-09 09:49:33,10b5f529d9404838d263cf05b2d29581,zhekavii,5,чат,1,2,3,0,6,2,0,2,3,3,1,"Я очутил, насколько же старые привычки тесно связаны со средой, где они практиковались. На этой неделе буквально день пробыл в городской квартире, и появилось желание посмотреть ютубчик за обедом... Но голос разума посоветовал спрятать от себя телефон. Теперь ожидаю, что меня ждёт весёлый сентябрь, когда я вернусь в город и повылазят старые паттерны поведения, от которых я отошёл за лето в поселке. Благо, что спринт продолжится в сентябре и я ожидаю, что поддержкой бадди и практиками получится оставить новые полезные привычки, а не практиковать старые контрпродуктивные.","А теперь немного статистики.

В 2025 году количество Ютуба в месяц было каким-то ужасающим. 

Май - 127ч
Июнь - 117ч
Июнь - 151ч
Август - 95ч
Сентябрь - 126ч
Октябрь - 109ч
Ноябрь - 191ч

Да, часть этого времени я спал, но брррр.

Зато теперь в 2026...

Май - 59ч
Июнь - 3ч 44м!
Июль - 1ч 22м!

И то, что нет Ютуба, не значит, что я перешёл на ТикТок или Инсту. Я снизил общее время в телефоне.

Если в МКБ добавят отравление информацией, то их есть у меня.

Я специально не отслеживал эти метрики, просто оставил приложение StayFree после первого прочтения джедайских техник. 

Спринт, в купе с закрытым гештальтом в виде высшего образования творит чудеса.",1297,mobile,3,6,5
2026-08-09 10:12:46,cb3cd703dc0b304b7a4a7048597c273e,sersch_serg,5,12НГ 2026q3,3,1,2,0,4,-1,-1,1,3,2,1,,,365,mobile,2,5,5
2026-08-09 10:27:35,3d284e5f94ffc3814d5a2943948bc31d,katerrna,5,12НГ 2026q3,3,1,2,0,2,-2,2,2,2,2,1,,,223,mobile,3,4,7
2026-08-09 10:36:25,1f1283f2ad31b5373ea755aa90cff3c5,barvarbar,5,12НГ%202026q3,0,5,1,0,5,-1,0,2,3,1,2,,,139,mobile,4,4,8
2026-08-09 11:02:55,fa483feae05f368c3f977240ce1b0922,maximvj,5,12НГ%202026q3,4,1,1,0,5,-1,-1,1,2,2,2,,,60,desktop,3,4,7
2026-08-09 11:04:25,cc8cbb6bc3865e2cbff8a8def92fec7d,AlisaBay,5,12НГ 2026q3,3,1,2,0,6,0,1,3,2,1,1,,,63,desktop,4,3,9
2026-08-09 11:14:05,674df60189bfc3d52ca483ab490183b8,pavlbon,5,12НГ%202026q3,4,1,1,0,4,3,-1,3,2,1,2,,,433,mobile,5,3,10
2026-08-09 11:19:22,2e5bf46c2d9a778c5b6d2730fd46ca05,mikulaYkt,5,чат,2,1,3,0,3,-1,-1,0,3,2,0,,,75,desktop,0,5,3
2026-08-09 12:14:21,67c4999bbedf9ca32fdb8f51ff83828f,Olegkim0,5,☀️%20Лучики%20(ДС%202026q3),2,0,4,0,5,1,3,3,3,2,2,,,35,desktop,5,5,8
2026-08-09 12:30:05,7913775fde448e3c7970f0c3cdf8d0f7,moronizzz,5,12НГ 2026q3,0,3,3,0,4,0,2,0,2,2,0,,,45,desktop,0,4,4
2026-08-09 12:44:59,021b5b133bfc09ae3983623da6165ce5,Vibris,5,12НГ 2026q3,1,2,3,0,6,0,-2,1,4,3,0,Я не знаю как ставить цели в проекте «дружба»:(,,206,mobile,1,7,2
2026-08-09 13:08:40,c11c45ca605dcac1a160b03ad20a88ed,baikova_f,5,☀️ Лучики (ДС 2026q3),0,3,1,2,7,2,-1,0,4,3,1,"Я очень отстала, сегодня выполнила задания только из 2 недели. Выполнила практику Внедрение привычек спустя 3 недели(?!) прокрастинации и мыслей, что оно мне не надо. Поняла, что практики по средам, коворки и мои ответы на задания в чате - это ""столп осмысления"". Столп ""получение знаний"" в ссылках к материалам, в чужих ответах в чате и в практиках тоже, конечно. А столп ""применение на практике"" - это уже моя ответственность, как я буду подстраивать полученные навыки под себя и как часто буду применять, и о чем я буду отчитываться в чате.",,852,mobile,1,7,2
2026-08-09 13:15:35,31e98250cd9f37165dff18e1ed7b323a,zhekavii,5,чат,1,2,3,0,6,2,0,2,3,3,1,"Я очутил, насколько же старые привычки тесно связаны со средой, где они практиковались. На этой неделе буквально день пробыл в городской квартире, и появилось желание посмотреть ютубчик за обедом... Но голос разума посоветовал спрятать от себя телефон. Теперь ожидаю, что меня ждёт весёлый сентябрь, когда я вернусь в город и повылазят старые паттерны поведения, от которых я отошёл за лето в поселке. Благо, что спринт продолжится в сентябре и я ожидаю, что поддержкой бадди и практиками получится оставить новые полезные привычки, а не практиковать старые контрпродуктивные.","А теперь немного статистики.

В 2025 году количество Ютуба в месяц было каким-то ужасающим. 

Май - 127ч
Июнь - 117ч
Июнь - 151ч
Август - 95ч
Сентябрь - 126ч
Октябрь - 109ч
Ноябрь - 191ч

Да, часть этого времени я спал, но брррр.

Зато теперь в 2026...

Май - 59ч
Июнь - 3ч 44м!
Июль - 1ч 22м!

И то, что нет Ютуба, не значит, что я перешёл на ТикТок или Инсту. Я снизил общее время в телефоне.

Если в МКБ добавят отравление информацией, то их есть у меня.

Я специально не отслеживал эти метрики, просто оставил приложение StayFree после первого прочтения джедайских техник. 

Спринт, в купе с закрытым гештальтом в виде высшего образования творит чудеса.",20,mobile,3,6,5
2026-08-09 13:34:08,59f988aa00fca310ed230d6ccdc40170,alexandrettio_chats,5,12НГ 2026q3,2,1,2,1,4,-1,-1,2,3,2,1,"насилие во благо. В целом это полезно, но отгоревать насильственную природу изменений необходимо. Прежде чем все таки насладиться благом. Главное в горевании не застрять",,225,desktop,3,5,6
2026-08-09 13:36:47,4780d5365ac7dd64007e98d71fd72ebe,kiralary,5,☀️%20Лучики%20(ДС%202026q3),1,3,2,0,7,3,-3,2,2,3,1,"Даже с самым маленьким количеством ресурсов можно выиграть игру, в последний момент забрав их хитростью у одного из игроков.

Фраза «а мне это зачем?» как фильтр дел.","Спасибо вам большое и за курс, и за участников этого курса, с кем я каждую неделю попадаю в Random Coffee",3107,mobile,3,5,6
2026-08-09 13:49:27,3ebd53cb560638edf605e9422c692a0d,VitalyZubentsov,5,12НГ 2026q3,3,2,1,0,6,-1,1,2,2,2,1,,,97,desktop,3,4,7
2026-08-09 14:03:43,78d8f7ed8a86056c271545035da6b1c3,tnikotyan,5,💥 Искорки (ДС 2026q3),1,2,3,0,5,-1,1,2,3,2,2,,,67,mobile,4,5,7
2026-08-09 14:09:14,13894a499478909465780328492b2543,sp190819,5,☀️%20Лучики%20(ДС%202026q3),0,5,1,0,6,2,1,1,2,2,2,"Расхламинго по 15 минут, и вообще ставит цель 15 минут для объемных и иногда монотонных задач (все для обезьянки)",,208,desktop,3,4,7
2026-08-09 14:51:43,390423fd7683a6979515303182a158c5,tael_taeglin,5,12НГ%202026q3,1,1,4,0,3,-1,1,3,2,1,2,В течение дня я занята какой-то хренью,"Очень прикольные техники и ДСР и ГОПНиК, только народу немного на них, как я понимаю. Рандом кофе тоже здорово :)",253,mobile,5,3,10
2026-08-09 15:13:30,2f0355409f38bf141acb69c82eb7ad08,grigory_sam,5,☀️%20Лучики%20(ДС%202026q3),1,2,1,2,5,-1,1,2,2,2,2,,,172,mobile,4,4,8
2026-08-09 16:12:33,6c0bc36dfacd774fcae15b4fe43f8cf3,Nazgul_design,5,12НГ 2026q3,1,1,2,2,4,-3,-1,4,1,1,4,"Говно случается, плывем",,101,mobile,8,2,14
2026-08-09 17:01:35,9a96ff0f3136e9b10524ce7b2680049e,mitgych,5,💥 Искорки (ДС 2026q3),2,2,2,0,7,1,-1,2,3,3,1,,,59,mobile,3,6,5
2026-08-09 17:32:16,cf987ff974bb9aea953e69bfa2833578,unfreeshooter,5,🔥 Огоньки (ДС 2026q3),2,2,2,0,3,-1,1,2,3,3,2,"обычно отпуск или выходные, особенно длинные, валил всю систему.
в этот раз такого не случилось - подошел куда организованнее и системно.",,144,desktop,4,6,6
2026-08-09 20:34:33,ce4c917870e78167c9da566d07f33da8,victor_goriunov,5,🌟 Звёздочки (ДС 2026q3),1,3,2,0,6,1,1,1,3,3,1,"Проверил на практике, оказалось работает!
Если сделать пусть только 15 минут зеленую задачу (и первой), то:
1. через 4 дня ты ей уделил минимум час
2. а ещё оказывается, что там, где начинается 15 мин, может пройти и 45 мин. 

И сдвинулась задача (я продвинулся через задачу к своей цели), которая долго лежала. 
2 часа уделить зеленой задаче достаточно? да. Но является ли это необходимым? Оказалось, необходимо всего 15 мин.",,335,desktop,2,6,4
2026-08-09 22:01:49,2a34b61970b92ebfdfc6552ba1c82933,MishinaAlena,5,12НГ 2026q3,2,1,3,0,7,-2,-2,1,3,3,2,Сапы - это кайф,,117,mobile,3,6,5
2026-08-09 22:47:00,2958455d2a32c6c014045b1ae7ee2ba6,imagicdeer,5,☀️%20Лучики%20(ДС%202026q3),3,2,1,0,4,-1,0,2,2,1,2,Яне забросил джедайские старты и потихоньку делаю,Прошлые опросы не делал вылетел. Возвращаюсь потихоньку. Долги скапливаются. Бесит,496,mobile,4,3,9
2026-08-10 06:45:01,9ac0ac9a5f154bcde7c539fe7c912606,nkatsurina,5,12НГ 2026q3,1,2,3,0,6,1,0,0,4,3,1,,,98,mobile,1,7,2
2026-08-10 07:21:04,bb98a0f8b1cd65134997b569a4d28c55,MaryBurl,5,12НГ 2026q3,2,1,3,0,3,-2,0,2,3,2,2,"Меня не хватает не то что на все задачи, на информацию об этих задачах. Нужно сокращать число проектов, в которые я включена",,341,desktop,4,5,7
2026-08-10 08:05:06,49df19db7f52824025c489b16dc11d2e,irina_katenina,5,12НГ%202026q3,2,2,2,0,6,1,0,3,2,2,2,,,91,mobile,5,4,9
2026-08-10 08:55:48,7f808fb68a42a76c2e19de21e65f9d2c,ilyafedorchenko,5,🔥%20Огоньки%20(ДС%202026q3),2,1,3,0,4,0,1,3,2,3,1,,,77,mobile,4,5,7
2026-08-10 09:47:23,f031a97380c92483f567f32de81ce2e4,melancholium15,5,12НГ 2026q3,2,2,2,0,3,-1,3,2,2,3,1,,,88,desktop,3,5,6
2026-08-10 09:47:34,49163c89a79cd6a1b556f3b0accae7b7,FixGN,5,12НГ 2026q3,0,3,2,1,3,-1,-2,1,1,2,1,,,65,desktop,2,3,7
2026-08-10 10:19:02,5e8cce177e64e42772e3c0f9322217bc,advertumacj,5,12НГ 2026q3,0,3,3,0,5,1,0,2,1,3,1,иногда тело само делает нужные действия для восстановления,,142,desktop,3,4,7
2026-08-10 10:41:53,eb2ff4ce533d3c750f757d82666becfd,ChasM2,5,12НГ 2026q3,1,3,2,0,5,0,1,0,4,3,0,Работа над задержкой общения с собой и другими даёт результаты на длинном горизонте,,159,mobile,0,7,1
2026-08-10 13:31:09,297f9f04fc7253f88bacd9d13017d465,vasilev_dm,5,12НГ 2026q3,1,2,3,0,5,1,-1,3,2,2,3,"Постоянно приходится выбирать на что потратить мыслетоливо, а на что - забить. А так хочется делать всё, на всё соглашаться, и не отказываться ни от чего)",,109,desktop,6,4,10
2026-08-10 14:06:02,273a495ee623969cfcf911496f56c18c,dymonix,5,чат,3,1,2,0,5,-1,1,2,3,2,2,"Нельзя недооценивать умения, работающие на околосознательном уровне
Например, контейнирование слабо контролируемое, но при этом может сильно помогать. И помогает лично мне в несознательном режиме даже больше, чем в явно сознательном",,157,desktop,4,5,7
2026-08-10 15:22:56,08a3b22a099b14cdfd06c35cdaab4942,vprgn,5,12НГ%202026q3,3,2,1,0,6,2,2,3,3,3,2,,,55,desktop,5,6,7
2026-08-10 16:04:34,cd9bbdd3f6cbf3647c6f6fb5f12579a0,chistyakovyo,5,12НГ 2026q3,0,0,6,0,4,0,0,2,2,2,2,,,28,desktop,4,4,8
2026-08-10 17:34:03,fb38535f4ffa75b6b5300733f3942dd9,Mur_Roman,5,12НГ%202026q3,1,3,2,0,7,-1,2,2,2,1,1,"Стабильно делать результат - повод для гордости, значения, уважения","Вопросы в опросе сложные, вроде только что сделал обзор недели, но все равно не уверен что честно ответил на вопросы, как будто не могу свести результаты недели и ответы на вопросы",1875,desktop,3,3,8
2026-08-10 18:05:58,23dc519d0f7405f1eab10202d01118ee,kotofos,5,☀️ Лучики (ДС 2026q3),1,3,2,0,6,1,-1,3,3,3,1,,,58462,desktop,4,6,6
2026-08-10 19:07:00,25325083e513f156e4ef41c068101d62,MadRedFox,5,12НГ 2026q3,3,0,3,0,3,-1,-1,2,2,2,2,,,57,desktop,4,4,8
2026-08-10 19:22:22,8e6d5689b530e01d23f7412af988a4a0,semarglll,5,☀️ Лучики (ДС 2026q3),2,1,3,0,3,2,-1,2,2,3,3,,,248,mobile,5,5,8
2026-08-10 20:32:56,66929dc76c81fc7a37fa0ab6a5bc7324,alvlivanov,5,12НГ 2026q3,1,2,3,0,6,0,-2,0,4,3,1,,,138,desktop,1,7,2
2026-08-10 21:30:27,16e02053c9ae7b18cad9fe11e87512ff,oNZ7xpXJfrkasyb2enBr,5,🌟 Звёздочки (ДС 2026q3),0,0,2,4,7,1,-3,1,4,1,1,,,70,desktop,2,5,5
2026-08-10 21:39:22,9dd88b8da2508c62e8e8edf05cca022e,temp_nick,5,12НГ 2026q3,1,3,2,0,5,1,2,2,2,2,2,,,56,desktop,4,4,8
2026-08-11 00:13:16,32c9a2de05b2d97fcd4107c0bce5f6c3,xamess,5,🌟 Звёздочки (ДС 2026q3),0,4,2,0,7,2,0,0,4,4,2,"Делаешь -> смотришь -> улучшаешь -> делаешь -> смотришь -> улучшаешь
Меньше думать.
Магии не будет если делать не будешь.","У Хубермана есть подкаст с Девидом Гогинсом про дисциплину, и про переднюю среднюю поясную кору в мозге, которая под нагрузкой увеличивается в размере. Нагрузка = действия которые не хочется или неприятно делать но ты делаешь. Описывали ее как мышцу, т.к. она себя ведет похожим образом и она может прокачиваться. Мне кажется джедайский спринт эту часть прокачивает если делать все как надо.",461,desktop,2,8,2
2026-08-11 08:54:36,b27b5e826fd945620b9a45bf78d9e92e,nabiev80,5,12НГ 2026q3,1,3,2,0,5,1,1,1,3,3,0,"Много лишнего, суета из-за страха не успеть.",,180,mobile,1,6,3
2026-08-11 17:15:53,2db81fde41af8768fed1b775117b5a1a,unSaintMan,5,12НГ 2026q3,2,1,3,0,3,-1,2,2,2,1,2,,Спасибо,96,mobile,4,3,9
2026-08-14 18:40:14,ef6ef76601efe17508a821112ea6ff1d,Knovelaer,5,чат,3,1,2,0,3,-2,2,2,2,2,2,,,22,desktop,4,4,8
2026-08-16 09:18:59,5ae096c4b3733f8449a1b2234def1440,Garikos8,5,🔥 Огоньки (ДС 2026q3),4,1,1,0,4,-2,3,2,3,2,2,,,63,mobile,4,5,7
2026-08-16 09:25:04,cfd33cef53f01920551c5a6b92cf1550,katerrna,6,12НГ 2026q3,2,3,1,0,5,1,2,1,3,3,1,,,74,mobile,2,6,4
2026-08-16 09:26:04,53327da50b1aae9b8676f168be78f48d,EkaterinaKazmina,6,12НГ 2026q3,1,5,0,0,4,3,-3,1,3,3,2,,,51,mobile,3,6,5
2026-08-16 09:40:55,3a7fd8c6026b57096607552518b9605d,FixGN,6,12НГ 2026q3,1,3,2,0,4,-1,0,1,2,2,2,,,54,desktop,3,4,7
2026-08-16 09:42:40,ce236b6462fbc25763be1af615e7df4d,msartaev,6,12НГ%202026q3,1,3,2,0,4,2,-2,2,2,2,2,,,53,mobile,4,4,8
2026-08-16 09:42:48,b12af445dd8f5ed0417736174b65a8a2,asya_in_motion,6,12НГ 2026q3,1,2,3,0,4,-2,-2,2,2,1,3,,,65,mobile,5,3,10
2026-08-16 09:44:15,6853253aefb0eeae8460f760880a8368,grigory_sam,6,☀️%20Лучики%20(ДС%202026q3),1,2,2,1,6,1,-2,1,3,2,1,"Уволиться с работы с токсичным начальником было лучшей инвестицией последнего времени. 
Я довольно чувствителен к тону общения людей, и постоянная ругань на работе для меня - серьезный стресс-фактор. И ругань - это не разговоры матом, а постоянное активное и агрессивное недовольство клиентами, сотрудниками, государством и т.п. Я научился это худо-бедно нивелировать, но мои «щиты», как оказалось, требовали несоизмеримо много дополнительной энергии, которая сейчас наконец-то высвобождается.","Хорошо бы если не сами результаты, то ссылку на результаты Пульс-Опроса высылать в телегу.

О том, что результаты Пульс-Опроса публикуются в Приложении узнал только из комментария Максима в телеге совсем недавно. 
Вообще неочевидно, что в приложение надо заходить и на что-то реагировать.",755,mobile,2,5,5
2026-08-16 09:50:35,7ab0a2dc33294e3241a303dcea4ebbb3,dimisi,6,💥 Искорки (ДС 2026q3),5,1,0,0,2,-3,2,2,3,2,1,,,86,mobile,3,5,6
2026-08-16 09:50:45,71acb5cd37d7c65615f4be6a43a580fa,AlisaBay,6,12НГ 2026q3,0,4,2,0,4,0,0,2,2,2,2,,,141,desktop,4,4,8
2026-08-16 10:00:53,0d16e06d1d18c119df799a536e35c194,GriDV,6,💥 Искорки (ДС 2026q3),3,1,1,1,3,-2,-2,2,1,3,0,,,64,mobile,2,4,6
2026-08-16 10:05:10,0bba468f13246b90ef3ace0f866dabe5,mitgych,6,💥 Искорки (ДС 2026q3),4,1,1,0,7,1,1,3,3,2,3,"Что ебашить надо, независимо от желания и наличия сил",,89,mobile,6,5,9
2026-08-16 10:10:43,1ad6a505c56b3e99b8e0b5897e37ea0d,Nazgul_design,6,12НГ 2026q3,0,1,1,4,4,-3,-2,4,1,1,4,,,76,mobile,8,2,14
2026-08-16 10:11:47,a4e32a8acd600c88343f38b69da7d725,a_yearshow,6,🔥%20Огоньки%20(ДС%202026q3),2,1,2,1,5,0,-1,2,2,2,2,,,88,mobile,4,4,8
2026-08-16 10:17:16,d34f591c8bc9db47fa8af15db739090b,griashiro,6,12НГ%202026q3,0,6,0,0,7,2,-3,0,3,3,0,,,38,mobile,0,6,2
2026-08-16 10:24:55,8932385aee9d64e742f8aa882916a0f5,Vibris,6,12НГ 2026q3,3,1,2,0,6,-2,2,2,2,2,2,"Когда не получается соблюдать рутины, такие как начать утро с зеленой задачи и не залипать в телефон в кровати — это индикатор, что я себя плохо чувствую, эмоционально иди физически перегружен",,274,mobile,4,4,8
2026-08-16 10:38:42,fb939a12f81592ee44690b3c1363c5b6,iuliia_mk,6,12НГ 2026q3,4,0,2,0,4,-1,2,2,3,2,1,,,41,desktop,3,5,6
2026-08-16 10:45:06,351773ecd90e2963ab18398eb84f367d,tem_ar,6,12НГ 2026q3,3,1,2,0,4,0,0,2,2,2,2,,,26,mobile,4,4,8
2026-08-16 11:03:40,8116462e723a7ec149fcec0ab02b094f,DarkJewel,6,🌟 Звёздочки (ДС 2026q3),0,1,1,4,2,-2,3,2,2,2,2,"Психотерапия принесла новую штуку. Конфликт мозга и тела, и эта неделя была сонная.",,172,mobile,4,4,8
2026-08-16 11:07:31,0b2693284527b03062e7a5968f5bdd20,komalexei,6,💥%20Искорки%20(ДС%202026q3),1,2,3,0,3,0,2,3,2,2,1,"Главное начать делать, а не думать о последствиях или ожиданиях...",,120,desktop,4,4,8
2026-08-16 11:38:17,6d2f2504d0093a071b7c0ab28fa0f1bb,sAnastasia,6,12НГ 2026q3,1,1,3,1,4,0,-2,3,3,3,0,,,61,desktop,3,6,5
2026-08-16 12:05:23,0595e823b7ee8b8de3c3eeb2563eac5b,MishinaAlena,6,12НГ 2026q3,2,1,2,1,5,1,2,1,0,3,2,,,64,mobile,3,3,8
2026-08-16 12:08:20,69180a32e744aaeb2f48036e2cafe40d,moronizzz,6,12НГ 2026q3,3,0,3,0,3,0,3,0,2,0,0,,,51,desktop,0,2,6
2026-08-16 12:44:54,0e5ab229b48c5a3d9c051d068b6eb3e5,maksimbochkov,6,12НГ%202026q3,2,3,1,0,7,3,-2,0,3,3,1,,,45,mobile,1,6,3
2026-08-16 17:09:34,f9e378a048e2f37c902c41a7b6668324,kotofos,6,☀️ Лучики (ДС 2026q3),1,2,2,1,6,2,-1,2,2,3,1,,,158,desktop,3,5,6
2026-08-16 17:56:52,eedc8161d2fe24eb4fb7809071241440,baikova_f,6,☀️ Лучики (ДС 2026q3),0,3,2,1,6,2,-1,0,3,3,1,"В последние несколько лет периодически возникала слабость из-за низкого гемоглобина и дефицита железа. Вообще они у меня с подросткового возраста, но после трудоустройства симптомы проявились сильнее. В последние года 3 в моменты страшного бессилия и череды простуд сдавала анализы и ходила к врачу с жалобами, пила назначенное железо. Становилось легче на несколько месяцев, пока не начинала снова испытывать недостаток энергии. 
На этой неделе дочитала книгу ""Антианемия"" детского врача гематолога Арсеновой А., выделяя каждый день по 20 минут и отмечая привычку. Внезапно увидела по трекеру привычек, что с книгой справилась за 13 дней, так бы понятия не имела, за какое время я ее прочитала. Пока не знаю, для чего мне эта случайная информация, но приятно, а то в последние несколько лет я только одну книгу в год могла прочитать из-за ""недостатка времени"".
Немного сошла с темы. На этой неделе сдала анализы на дефицит железа. Благодаря информации из книги я теперь знаю, что дефицита сейчас нет и надо дальше поддерживать состояние. До этого следила за питанием, чтобы лучше усваивать железо из продуктов, но про это нет информации в книге, это ее единственный минус. Так же руководствуясь рекомендациям из этой книги настроила в планировщике раз в 3 месяца повторяющуюся задачу ""Выбрать день для сдачи ОАК, ферритина и В12"", чтобы не профукать момент, когда железо в организме начнет снижаться и вовремя принять препараты. Считаю, что сделала таким образом большой вклад в здоровье на долгосрочную перспективу и в будущее самочувствие и даже в родительство. Как вспомню, каждый раз радуюсь.","Я читаю комментарии Максима на наши комментарии, не знала, что нам надо комментировать комментарии Максима на наши комментарии 🙃",3308,desktop,1,6,3
2026-08-16 18:44:21,e14114fadf369095dbaebcf34b11a4cd,MadRedFox,6,12НГ 2026q3,1,1,4,0,4,0,0,2,2,2,2,,,20,desktop,4,4,8
2026-08-16 21:34:07,2f472500e8b89d401e99ed5506f2a963,ekandria_nova,6,12НГ%202026q3,1,4,1,0,6,2,0,1,4,4,0,,,30,mobile,1,8,1
2026-08-16 21:48:23,bcc1c26c2635a40e045b9a1ee02b950e,sersch_serg,6,12НГ 2026q3,3,1,2,0,3,-2,-1,2,2,2,2,,,87,mobile,4,4,8
2026-08-16 22:54:44,5b4217351e51ea13478cc4ba599244ae,oakimov,6,🌟 Звёздочки (ДС 2026q3),0,2,4,0,6,1,2,1,3,3,1,"Построил колесо баланса и прослезился ,)
Не удивительно, что по отдельным направлениям ""прогресс"" хромает )
Очень полезный инструмент!",,685,desktop,2,6,4
2026-08-17 08:14:48,41b79ef85bb5234f6413cc2439d616c5,chistyakovyo,6,12НГ 2026q3,3,2,1,0,4,0,0,2,2,2,2,,,19,desktop,4,4,8
2026-08-17 08:25:36,766543f8da134ca38a8ed085b985be24,irina_katenina,6,12НГ 2026q3,2,3,1,0,6,1,-2,2,3,2,1,,,92,desktop,3,5,6
2026-08-17 08:55:26,9cc0b22909de294912e6c58cbb1f89ca,magiya_1c,6,12НГ 2026q3,0,3,3,0,4,0,-2,1,3,3,2,,,103,desktop,3,6,5
2026-08-17 09:01:22,58707e6bfb389d5638f36292d74babf0,advertumacj,6,12НГ 2026q3,1,2,3,0,4,1,-2,2,3,3,1,нужно учиться жить с чувством неловкости,а п'ошто нет комментариев Максима в телеграме?!,103,desktop,3,6,5
2026-08-17 09:06:21,74c0406bbb58e5483b13ae8fb3e41c3c,dymonix,6,чат,1,2,3,0,6,2,0,1,3,2,3,"Можно сколько угодно верить в свою силу воли или количество подходов к планированию задач, но движение малыми шагами/задачами - это всегда рабочее движение
А вот упор на ""опытность"" - работает, пока есть ""лишняя"" энергия, потраченная на силу воли)","Интересно каждую неделю отвечать на вопрос ""В течение прошедшего месяца как часто Вы""
Лично я вкладываю усилия, чтобы понять ""отсечку"" и пересчитать свою оценку с прошлой недели
Это так и должно работать?)",195,desktop,4,5,7
2026-08-17 09:15:48,357d556b9bc5beb657ed616dc02001bd,chillimpostor,6,☀️ Лучики (ДС 2026q3),2,2,1,1,5,-2,2,2,3,2,2,,Спасибо!,200,mobile,4,5,7
2026-08-17 09:20:36,04f3554c34196d20f732d98355d420ee,alexandrettio_chats,6,12НГ 2026q3,0,2,3,1,5,1,-3,4,3,2,0,,,85,desktop,4,5,7
2026-08-17 09:47:08,ed80bfc573725c3b39541466726310d5,smart_roger,6,🔥 Огоньки (ДС 2026q3),2,1,3,0,2,0,0,3,3,2,2,,,47,desktop,5,5,8
2026-08-17 10:13:46,839f159ede2f0dfa2d8f6de60409210b,vasilev_dm,6,чат,3,1,2,0,2,-1,2,3,1,3,2,"Если заниматься планированием и многие задачи делать заранее, а не в последний момент, то в случае БОЛЬШОГО вбоквилла можно забить на всё и не сильно переживать что есть что-то другое - срочное.",,210,mobile,5,4,9
2026-08-17 10:29:17,2367a39d4fc102db93e10055b4616234,oNZ7xpXJfrkasyb2enBr,6,🌟 Звёздочки (ДС 2026q3),1,1,1,3,5,1,-1,0,3,3,1,,"Комментарий Максиму. На одном из занятий мы должны были отрефлексировать почему мы считаем, что определённая задача приближает к цели и должны были сослаться на источник. Также было занятие, где мы работали с сопротивлением определённым техникам. После занятий я периодически возвращался к этим мыслям и пришёл к выводу, что в моём случае некоторая часть сопротивления идёт не от ""мне это не поможет"", а от ""действительно ли это вообще помогает"". В дальнейшем, возвращаясь к разговорам с другими участниками на практиках, я обратил внимание, что никто ни разу не апеллировал к каким-то обоснованиям и метрикам, а всё сводилось к вопросу веры и силы культа личности (здесь также наблюдается обратная корреляция между интеллектом и глубиной веры).  В книгах для некоторых техник есть ссылки на первоисточники идеи, где-то есть ссылки на исследования. При этом у меня сложилось стойкое впечатление, что часть аудитории считает достаточным только материалы и практики курса. А вот в них как раз зачастую для краткости опускается рациональное обоснование. У меня есть гипотеза, что рациональное обоснование может помочь некоторой части аудитории в джедайском старте.",1212,desktop,1,6,3
2026-08-17 12:18:13,e835ed7ec6590bb2708ce22cbaeb482f,Kos_Egor,6,12НГ 2026q3,2,2,2,0,4,0,0,2,3,2,2,,,43,desktop,4,5,7
2026-08-17 13:13:06,4458c408391bacc825b3730d811146b3,mikhailsavchuk,6,12НГ 2026q3,1,3,1,1,6,1,1,2,3,3,2,"Сингулярка тема и работа на баре где теннис тоже тема. Работаешь быстро, эффективно, разгребаешь рутину.",,52,desktop,4,6,6
2026-08-17 14:37:05,c01578b4a92afc40500dc41ea07a84a9,MagicUnderHood,6,12НГ 2026q3,1,4,1,0,7,2,1,1,3,3,1,"Благодаря удаленке (и джедайству) можно съездить куда-нибудь в легкое направление, не беря отпуск, и классно провести время!
Снова заметила сложности с разрешением себе отдыха, буду пробовать новые подходы",,179,desktop,2,6,4
2026-08-17 14:57:07,9df1fc156ac895c90ba79414188e28b5,alvlivanov,6,12НГ 2026q3,1,3,2,0,6,0,0,0,4,3,0,,,111,desktop,0,7,1
2026-08-17 15:14:35,74b92ebbe1f8823ca059c7a6f2d1f0a1,Elena_Sentemova,6,12НГ 2026q3,3,1,2,0,4,-1,2,3,2,1,3,"Постаралась увидеть свет в конце тоннеля) 
Смогла поработать над стратегическим... Но паника, что всё сыпется, еще не прошла",,142,desktop,6,3,11
2026-08-17 16:31:49,faa9c428d8f773a12dbc16a6153c73ad,Mur_Roman,6,12НГ%202026q3,3,2,1,0,3,-2,-2,1,2,1,2,"- нужно учиться ловить кайф от скуки, повторяющихся действий, а не от качель и геройств
- Чем яснее формулировка цели, задачи, тем мотивирующе становится",Вы классные) Практика с Рустамом понравилась,281,desktop,3,3,8
2026-08-17 17:47:28,f4bb525dafcdcd3cb03a40e696e5fcf6,ChasM2,6,12НГ 2026q3,2,1,3,0,4,-1,2,0,4,4,0,,,48,desktop,0,8,0
2026-08-17 17:56:49,5d08e3e43790594187c6500c22de42c8,unfreeshooter,6,🔥 Огоньки (ДС 2026q3),3,1,2,0,3,-1,-2,2,3,2,2,"мои ответы будут точками выброса, т.к. в Севастополе по-прежнему сложная обстановка с ЭЭ, что накладывает след на все: работу, жизнь и приготовление пищи, обучение и прочее",,205,desktop,4,5,7
2026-08-17 18:29:50,89f7f9e32712f280ecfbb565f8a5add1,zhekavii,6,12НГ 2026q3,0,2,4,0,6,2,-2,1,3,3,1,"И снова при возвращении в город слегка слетела база. В моменты когда следовало бы остановиться на ничегонеделание я продолжал эмоциональный разговор... Перезвонил, сразу увидев уведомление о пропущенном звонке... Хотя этому человеку можно было перезвонить позже.

Главное, что я заметил эти моменты хотя-бы постфактум. Значит у меня есть шанс остановить себя в подобной ситуации в следующий раз.",,760,mobile,2,6,4
2026-08-17 19:05:43,682f6849ce8f9d1484554f080b11f527,tamaramayn,6,💥 Искорки (ДС 2026q3),2,1,3,0,6,2,-2,2,3,2,1,"Зелёные задачи могут стартовать из красных, но надо дать им возможность вырасти до зеленых",,224,mobile,3,5,6
2026-08-17 19:45:42,3bf65d6b16086e434e1b870aa1610649,semarglll,6,☀️ Лучики (ДС 2026q3),4,0,2,0,3,-2,3,2,2,2,1,,,99,mobile,3,4,7
2026-08-17 20:06:56,542269713ea3842bd447b724f6c42082,tanjahomiakova,6,12НГ%202026q3,1,2,3,0,5,1,2,2,3,3,2,Забота и контроль здоровья не должны заменять саму жизнь.,"Спасибо, что вы есть.",169,mobile,4,6,6
2026-08-17 21:20:00,a68cde1a04e5ca9c2560609abfd80fd9,vprgn,6,12НГ%202026q3,3,1,2,0,5,-2,-1,1,2,2,2,,,102,mobile,3,4,7
2026-08-17 21:23:17,e908268dd55841dc5edf726ae9c29a7b,vprgn,6,12НГ%202026q3,3,1,2,0,5,-2,-1,1,3,2,1,,,53,mobile,2,5,5
2026-08-17 23:00:16,6e0f83bc930fbc8b8d919766d42bae4b,dmtrx7alien,6,12НГ 2026q3,0,5,1,0,7,3,-3,0,4,4,1,,,226,mobile,1,8,1
2026-08-18 08:35:51,db86cbf5ec8031e4a9f3076e72be0950,Maxim_Ivanoff,6,12НГ 2026q3,1,2,3,0,5,1,-1,2,3,3,2,,,94,mobile,4,6,6
2026-08-18 10:06:21,9fb04ff8b0521946640063c5c2325b1d,iri_korobova,6,12НГ 2026q3,2,1,3,0,5,0,0,1,4,3,1,,,46,mobile,2,7,3
2026-08-19 08:04:47,ee11cbc310573aae2db2d47cf2e567b6,pavlbon,6,12НГ%202026q3,4,1,1,0,4,0,0,3,2,2,2,,,46,mobile,5,4,9
2026-08-19 09:39:09,d32546c05af8048c26e9484757144734,Phoeneeks,6,12НГ 2026q3,0,3,3,0,7,2,0,2,4,3,0,"Всю неделю соприкасался с этим хаосом, и понял, что оказывается в нём закопано много возможностей, и я зря от него убегал.
Хаос - категорически полезная штука в жизни, в разумных пределах понятно.
Теперь бы мне научиться гармонично сочетать свою любовь к структуре, и давать время и место хаосу, случайности.","Взять в этот спринт фокус на фундаменте и кайфе, оставив всё остальное делаться по остаточному принципу - лучшее решение было.
Во первых - это по новому и необычно, проведение эксперимента очень увлекательно всегда.
Во вторых - даже когда всё через жопу, отлетает всё к чертям, делается почти нифига, главная задача(фундамент в виде отдыха, развлечения и общения себя) выполняется.
Мало того что выполняется главная задача(а значит я крут и молодец), это ещё и приятно в процессе.
WIN-WIN.",3450,desktop,2,7,3
2026-08-19 16:04:16,b9c356bd52d7d68014870933e81f8276,basilmiron,6,☀️ Лучики (ДС 2026q3),5,0,1,0,4,-2,-3,3,1,2,2,,,60,desktop,5,3,10
2026-08-20 11:30:54,50b132633d2033664e928a3ab67ac53e,asya_in_motion,6,12НГ 2026q3,0,3,3,0,6,2,1,2,2,2,3,,,47,mobile,5,4,9